Open,High,Low,Close,Adj Close,Volume,Year,Month,Day
18.68,18.700001,18.030001,18.059999,18.059999,58764200,2012,Aug,1
18.08,18.27,17.549999,17.73,17.73,46622400,2012,Sep,2
18.27,18.75,18.18,18.58,18.58,60781800,2012,Sep,3
18.74,19.26,18.719999,18.959999,18.959999,46066500,2012,Sep,4
19.1,19.42,18.780001,18.98,18.98,36371700,2012,Sep,5
19.059999,19.200001,18.549999,18.809999,18.809999,24797800,2012,Sep,6
18.92,19.58,18.85,19.43,19.43,50508200,2012,Sep,7
20.76,21.16,20.280001,20.93,20.93,121584000,2012,Sep,8
20.959999,21.48,20.610001,20.709999,20.709999,65041600,2012,Sep,9
21.129999,22.08,20.9,22,22,72819800,2012,Sep,10
22.67,22.75,21.5,21.52,21.52,50667600,2012,Sep,11
21.6,21.98,21.370001,21.870001,21.870001,36760500,2012,Sep,12
21.99,23.370001,21.77,23.290001,23.290001,78782800,2012,Sep,13
23.02,23.24,22.540001,22.59,22.59,57248900,2012,Sep,14
22.969999,23.24,22.6,22.860001,22.860001,51218100,2012,Sep,15
21.780001,21.98,20.360001,20.790001,20.790001,79106500,2012,Sep,16
21.200001,21.209999,20.219999,20.280001,20.280001,46291700,2012,Sep,17
20.15,20.780001,19.799999,20.620001,20.620001,38271900,2012,Sep,18
20.99,21,20.16,20.32,20.32,30215900,2012,Sep,19
20.57,21.950001,20.5,21.66,21.66,65486000,2012,Sep,20
22.08,22.59,21.73,21.99,21.99,51262700,2012,Oct,21
22.08,22.49,21.82,22.27,22.27,29341400,2012,Oct,22
22.299999,22.49,21.799999,21.83,21.83,32000100,2012,Oct,23
22.32,22.4,21.41,21.950001,21.950001,46892100,2012,Oct,24
21.49,21.629999,20.879999,20.91,20.91,40529300,2012,Oct,25
20.4,20.75,20.16,20.4,20.4,32236700,2012,Oct,26
20.389999,20.549999,19.969999,20.23,20.23,27161800,2012,Oct,27
19.93,19.940001,19.450001,19.639999,19.639999,39321800,2012,Oct,28
19.879999,19.959999,19.610001,19.75,19.75,21817300,2012,Oct,29
19.75,19.799999,19.48,19.52,19.52,18809400,2012,Oct,30
19.68,19.879999,19.49,19.52,19.52,20189700,2012,Oct,31
19.68,19.690001,19.299999,19.48,19.48,21834700,2012,Oct,32
19.5,20.48,19.370001,19.879999,19.879999,44074500,2012,Oct,33
19.700001,19.790001,18.889999,18.98,18.98,52157400,2012,Oct,34
19,19.059999,18.799999,19,19,34835000,2012,Oct,35
19.200001,19.43,19.049999,19.32,19.32,32447300,2012,Oct,36
19.25,19.799999,19.1,19.5,19.5,78381200,2012,Oct,37
24.129999,24.25,22.85,23.23,23.23,228949900,2012,Oct,38
23.290001,23.309999,22.469999,22.559999,22.559999,76142000,2012,Oct,39
22.4,22.879999,21.879999,21.940001,21.940001,73175800,2012,Oct,40
20.82,21.5,20.73,21.110001,21.110001,99378200,2012,Oct,41
21.08,21.440001,21.01,21.209999,21.209999,37713900,2012,Nov,42
21.26,21.690001,21.07,21.18,21.18,38344400,2012,Nov,43
21.1,21.48,20.92,21.25,21.25,31806700,2012,Nov,44
21.24,21.370001,20.99,21.17,21.17,29062700,2012,Nov,45
20.85,20.950001,20.370001,20.469999,20.469999,33396800,2012,Nov,46
20.52,20.73,19.98,19.99,19.99,34254600,2012,Nov,47
19.959999,20,19.129999,19.209999,19.209999,42295500,2012,Nov,48
19.15,20.17,18.870001,20.07,20.07,67349200,2012,Nov,49
19.610001,20.110001,19.559999,19.860001,19.860001,71775100,2012,Nov,50
20.1,22.5,19.93,22.360001,22.360001,229751000,2012,Nov,51
22.34,22.5,21.65,22.17,22.17,78857700,2012,Nov,52
22.25,23.93,22.18,23.559999,23.559999,107182200,2012,Nov,53
23.959999,24.120001,22.82,22.92,22.92,85021300,2012,Nov,54
22.73,23.9,22.700001,23.1,23.1,46655300,2012,Nov,55
23.219999,24.530001,23.049999,24.32,24.32,89862400,2012,Nov,56
24.58,24.68,23.879999,24,24,29520900,2012,Nov,57
24.940001,26.09,24.809999,25.940001,25.940001,123865000,2012,Nov,58
26.040001,26.5,25.459999,26.15,26.15,85760600,2012,Nov,59
25.940001,26.49,25.75,26.360001,26.360001,49205600,2012,Nov,60
26.5,27.52,26.16,27.32,27.32,88759700,2012,Nov,61
27.26,28,26.76,28,28,127049600,2012,Nov,62
28,28.879999,26.98,27.040001,27.040001,123526100,2012,Dec,63
27.059999,27.76,26.68,27.459999,27.459999,72869200,2012,Dec,64
27.75,27.9,27.26,27.709999,27.709999,58976300,2012,Dec,65
27.68,27.75,26.82,26.969999,26.969999,46001500,2012,Dec,66
27.07,27.780001,26.84,27.49,27.49,51751900,2012,Dec,67
27.17,28.17,27.1,27.84,27.84,50608500,2012,Dec,68
28.07,28.24,27.66,27.98,27.98,77099100,2012,Dec,69
28,28.139999,27.370001,27.58,27.58,46704200,2012,Dec,70
27.59,28.75,27.43,28.24,28.24,81051600,2012,Dec,71
28.18,28.33,26.76,26.809999,26.809999,91631600,2012,Dec,72
26.77,27,26.32,26.75,26.75,57742500,2012,Dec,73
26.959999,27.91,26.9,27.709999,27.709999,60512900,2012,Dec,74
27.83,28.219999,26.950001,27.41,27.41,61390300,2012,Dec,75
27.49,27.6,27.129999,27.360001,27.360001,35574800,2012,Dec,76
26.66,27.01,26.120001,26.26,26.26,54555200,2012,Dec,77
26.5,26.959999,26.200001,26.93,26.93,28230100,2012,Dec,78
27.030001,27.18,26.379999,26.51,26.51,33175400,2012,Dec,79
26.549999,26.799999,25.52,26.049999,26.049999,43481700,2012,Dec,80
25.48,26.110001,25.15,25.91,25.91,56574800,2012,Dec,81
26.200001,26.99,26.110001,26.620001,26.620001,60374500,2012,Dec,82
27.440001,28.18,27.42,28,28,69846400,2013,Jan,83
27.879999,28.469999,27.59,27.77,27.77,63140600,2013,Jan,84
28.01,28.93,27.83,28.76,28.76,72715400,2013,Jan,85
28.690001,29.790001,28.65,29.42,29.42,83781800,2013,Jan,86
29.51,29.6,28.860001,29.059999,29.059999,45871300,2013,Jan,87
29.67,30.6,29.49,30.59,30.59,104787700,2013,Jan,88
30.6,31.450001,30.280001,31.299999,31.299999,95316400,2013,Jan,89
31.280001,31.959999,31.1,31.719999,31.719999,89598000,2013,Jan,90
32.080002,32.209999,30.620001,30.950001,30.950001,98892800,2013,Jan,91
30.639999,31.709999,29.879999,30.1,30.1,173242600,2013,Jan,92
30.209999,30.35,29.530001,29.85,29.85,75332700,2013,Jan,93
30.08,30.42,30.030001,30.139999,30.139999,40256700,2013,Jan,94
30.309999,30.440001,29.27,29.66,29.66,49631500,2013,Jan,95
29.75,30.889999,29.74,30.73,30.73,55243300,2013,Jan,96
31.1,31.5,30.799999,30.82,30.82,48899800,2013,Jan,97
31.27,31.49,30.809999,31.08,31.08,43845100,2013,Jan,98
31.41,31.93,31.129999,31.540001,31.540001,54363600,2013,Jan,99
31.879999,32.509998,31.809999,32.470001,32.470001,59682500,2013,Jan,100
32,32.07,30.709999,30.790001,30.790001,72976500,2013,Jan,101
30.98,31.49,30.879999,31.24,31.24,87682100,2013,Jan,102
29.15,31.469999,28.74,30.98,30.98,190744900,2013,Jan,103
31.01,31.02,29.629999,29.73,29.73,85856700,2013,Feb,104
29.059999,29.200001,28.01,28.110001,28.110001,92362200,2013,Feb,105
28.26,28.959999,28.040001,28.639999,28.639999,47948200,2013,Feb,106
28.74,29.290001,28.66,29.049999,29.049999,38375900,2013,Feb,107
29.110001,29.15,28.27,28.65,28.65,34540100,2013,Feb,108
28.889999,29.17,28.51,28.549999,28.549999,37708800,2013,Feb,109
28.610001,28.68,28.040001,28.26,28.26,37361800,2013,Feb,110
27.67,28.16,27.1,27.370001,27.370001,93498700,2013,Feb,111
27.360001,28.32,27.309999,27.91,27.91,50164000,2013,Feb,112
28.02,28.629999,28.01,28.5,28.5,35615800,2013,Feb,113
28.52,28.75,28.09,28.32,28.32,33109300,2013,Feb,114
28.23,29.08,28.120001,28.93,28.93,49396400,2013,Feb,115
28.92,29.049999,28.33,28.459999,28.459999,42098200,2013,Feb,116
28.280001,28.549999,27.15,27.280001,27.280001,49642300,2013,Feb,117
27.620001,27.629999,26.82,27.129999,27.129999,36350200,2013,Feb,118
27.16,27.639999,27.15,27.27,27.27,34652000,2013,Feb,119
27.360001,27.459999,26.700001,27.389999,27.389999,31611700,2013,Feb,120
27.34,27.34,26.629999,26.870001,26.870001,44319700,2013,Feb,121
26.84,27.299999,26.34,27.25,27.25,83027800,2013,Feb,122
27.049999,28.120001,26.809999,27.780001,27.780001,54064800,2013,Mar,123
27.76,28.059999,27.440001,27.719999,27.719999,32400700,2013,Mar,124
27.879999,28.18,27.209999,27.52,27.52,40622200,2013,Mar,125
28.1,28.129999,27.35,27.450001,27.450001,33532600,2013,Mar,126
27.57,28.68,27.469999,28.58,28.58,74540200,2013,Mar,127
28.43,28.469999,27.73,27.959999,27.959999,44198900,2013,Mar,128
28.01,28.639999,27.83,28.139999,28.139999,35642100,2013,Mar,129
28.1,28.32,27.6,27.83,27.83,27569600,2013,Mar,130
27.620001,27.65,26.92,27.08,27.08,39619500,2013,Mar,131
27.1,27.43,26.83,27.040001,27.040001,27646400,2013,Mar,132
27.030001,27.059999,26.559999,26.65,26.65,31597400,2013,Mar,133
26.370001,26.790001,25.780001,26.49,26.49,26653700,2013,Mar,134
26.530001,26.9,26.209999,26.549999,26.549999,25254200,2013,Mar,135
26.68,26.690001,25.780001,25.860001,25.860001,44006500,2013,Mar,136
25.66,26.110001,25.559999,25.74,25.74,24336100,2013,Mar,137
25.799999,26.01,25.629999,25.73,25.73,18456300,2013,Mar,138
25.75,25.799999,25.08,25.129999,25.129999,39199000,2013,Mar,139
25.08,25.48,25.030001,25.209999,25.209999,26957200,2013,Mar,140
25,26.280001,24.719999,26.09,26.09,52297400,2013,Mar,141
26.09,26.17,25.52,25.58,25.58,28585700,2013,Mar,142
25.629999,25.889999,25.280001,25.530001,25.530001,22249300,2013,Apr,143
25.77,26.120001,25.299999,25.42,25.42,35153300,2013,Apr,144
25.83,26.389999,25.700001,26.25,26.25,48195200,2013,Apr,145
26.620001,27.23,26.110001,27.07,27.07,82016800,2013,Apr,146
26.860001,27.799999,26.610001,27.389999,27.389999,64566600,2013,Apr,147
27.190001,27.200001,26.629999,26.85,26.85,27256000,2013,Apr,148
26.58,26.889999,26.42,26.59,26.59,21311100,2013,Apr,149
27.01,27.84,26.9,27.57,27.57,45949400,2013,Apr,150
27.48,28.1,27.25,28.02,28.02,33368500,2013,Apr,151
28,28,27.24,27.4,27.4,28697400,2013,Apr,152
27.16,27.48,26.360001,26.52,26.52,30275400,2013,Apr,153
26.809999,27.110001,26.4,26.92,26.92,27365900,2013,Apr,154
26.65,27.200001,26.389999,26.629999,26.629999,26440600,2013,Apr,155
26.82,26.82,25.15,25.690001,25.690001,39059000,2013,Apr,156
25.620001,25.959999,25.33,25.73,25.73,20380900,2013,Apr,157
25.809999,26.360001,25.700001,25.969999,25.969999,25687600,2013,Apr,158
26.219999,26.33,25.77,25.98,25.98,25191500,2013,Apr,159
25.93,26.4,25.799999,26.110001,26.110001,19729900,2013,Apr,160
26.07,26.4,26,26.139999,26.139999,17150000,2013,Apr,161
26.6,27.620001,26.6,26.85,26.85,33018000,2013,Apr,162
27.16,27.41,26.860001,26.98,26.98,29201100,2013,Apr,163
27.129999,27.85,27.01,27.77,27.77,36245700,2013,Apr,164
27.85,27.92,27.309999,27.43,27.43,64567600,2013,May,165
28.01,29.02,27.98,28.969999,28.969999,104257000,2013,May,166
29.040001,29.07,28.15,28.309999,28.309999,58506400,2013,May,167
28.33,28.459999,27.48,27.57,27.57,43939400,2013,May,168
27.549999,27.85,26.85,26.889999,26.889999,41259100,2013,May,169
26.879999,27.299999,26.65,27.120001,27.120001,34654900,2013,May,170
27.08,27.549999,26.85,27.040001,27.040001,33457200,2013,May,171
27.139999,27.299999,26.57,26.68,26.68,30847100,2013,May,172
26.6,27.33,26.530001,26.82,26.82,29068800,2013,May,173
26.889999,27.280001,26.82,27.07,27.07,24930300,2013,May,174
26.92,26.99,26.4,26.6,26.6,30299800,2013,May,175
26.48,26.549999,25.9,26.129999,26.129999,35499100,2013,May,176
26.4,26.6,26.200001,26.25,26.25,29462700,2013,May,177
26.18,26.190001,25.690001,25.76,25.76,42402900,2013,May,178
25.870001,26.08,25.59,25.66,25.66,26261300,2013,May,179
25.65,25.85,24.92,25.16,25.16,45314500,2013,May,180
24.799999,25.530001,24.77,25.059999,25.059999,37663100,2013,May,181
24.969999,24.969999,24.08,24.309999,24.309999,58727900,2013,May,182
24.540001,24.540001,23.92,24.1,24.1,50079700,2013,May,183
23.790001,23.809999,23.26,23.32,23.32,64237800,2013,May,184
24.129999,24.780001,23.93,24.549999,24.549999,60733200,2013,May,185
24.629999,24.950001,24.27,24.35,24.35,35925000,2013,May,186
24.27,24.32,23.709999,23.85,23.85,35733800,2013,Jun,187
23.889999,23.93,23.32,23.52,23.52,34760800,2013,Jun,188
23.35,23.709999,22.790001,22.9,22.9,53819700,2013,Jun,189
22.99,23.09,22.67,22.969999,22.969999,31260700,2013,Jun,190
23.030001,23.4,22.860001,23.290001,23.290001,38699200,2013,Jun,191
24.059999,24.6,23.99,24.33,24.33,58393000,2013,Jun,192
24.030001,24.35,24,24.030001,24.030001,29885900,2013,Jun,193
24.16,24.26,23.58,23.77,23.77,26445800,2013,Jun,194
23.719999,23.83,23.27,23.73,23.73,31189300,2013,Jun,195
23.559999,23.889999,23.26,23.629999,23.629999,30677100,2013,Jun,196
23.91,24.25,23.75,24.02,24.02,33664500,2013,Jun,197
24.09,24.690001,24.08,24.209999,24.209999,36709100,2013,Jun,198
24.200001,25.190001,24.1,24.309999,24.309999,31790600,2013,Jun,199
24.280001,24.75,23.65,23.9,23.9,42765600,2013,Jun,200
24.59,24.700001,24.049999,24.530001,24.530001,45833900,2013,Jun,201
23.950001,24.110001,23.379999,23.940001,23.940001,40626000,2013,Jun,202
24.139999,24.43,24.040001,24.25,24.25,24713200,2013,Jun,203
24.51,24.65,23.99,24.16,24.16,29890300,2013,Jun,204
24.24,24.84,24.209999,24.66,24.66,34694100,2013,Jun,205
24.68,24.98,24.42,24.879999,24.879999,96778900,2013,Jun,206
24.969999,25.059999,24.620001,24.809999,24.809999,20582200,2013,Jul,207
24.700001,24.77,24.299999,24.41,24.41,18394100,2013,Jul,208
24.219999,24.709999,24.15,24.52,24.52,10404400,2013,Jul,209
24.65,24.66,24.200001,24.370001,24.370001,20229500,2013,Jul,210
24.469999,25.040001,24.42,24.709999,24.709999,27064600,2013,Jul,211
25.07,25.49,25.030001,25.48,25.48,30387900,2013,Jul,212
25.58,25.83,25.469999,25.799999,25.799999,26721800,2013,Jul,213
25.959999,26,25.450001,25.809999,25.809999,26777400,2013,Jul,214
25.74,25.93,25.549999,25.91,25.91,16537900,2013,Jul,215
25.93,26.43,25.65,26.280001,26.280001,24234000,2013,Jul,216
26.389999,26.75,26.01,26.32,26.32,30817600,2013,Jul,217
26.370001,26.780001,26.299999,26.65,26.65,21518500,2013,Jul,218
26.75,26.77,26.120001,26.18,26.18,24806900,2013,Jul,219
25.82,26.110001,25.6,25.879999,25.879999,46539700,2013,Jul,220
25.99,26.129999,25.719999,26.049999,26.049999,27526300,2013,Jul,221
26.1,26.299999,25.969999,26.129999,26.129999,28221600,2013,Jul,222
26.32,26.530001,26.049999,26.51,26.51,82635600,2013,Jul,223
33.540001,34.880001,32.75,34.360001,34.360001,365457900,2013,Jul,224
33.77,34.73,33.560001,34.009998,34.009998,136028900,2013,Jul,225
34.07,35.630001,34.009998,35.43,35.43,124718800,2013,Jul,226
35.650002,37.959999,35.32,37.630001,37.630001,173582800,2013,Jul,227
37.959999,38.310001,36.330002,36.799999,36.799999,154828700,2013,Jul,228
37.299999,38.290001,36.919998,37.490002,37.490002,106066500,2013,Aug,229
37.66,38.490002,37.5,38.049999,38.049999,73058500,2013,Aug,230
38.43,39.32,38.25,39.189999,39.189999,79994800,2013,Aug,231
39.110001,39.25,37.939999,38.549999,38.549999,63950800,2013,Aug,232
38.610001,38.939999,37.700001,38.869999,38.869999,68854800,2013,Aug,233
39.130001,39.189999,38.43,38.540001,38.540001,41301000,2013,Aug,234
38.59,38.740002,38.009998,38.5,38.5,43532300,2013,Aug,235
38.200001,38.5,38.099998,38.220001,38.220001,31161000,2013,Aug,236
38.240002,38.32,36.77,37.02,37.02,65379200,2013,Aug,237
36.830002,37.549999,36.619999,36.650002,36.650002,48423900,2013,Aug,238
36.360001,37.07,36.02,36.560001,36.560001,56521100,2013,Aug,239
36.970001,37.490002,36.900002,37.080002,37.080002,45840800,2013,Aug,240
37.43,38.279999,37.139999,37.810001,37.810001,57609600,2013,Aug,241
38.349998,38.580002,37.689999,38.41,38.41,57995200,2013,Aug,242
38.380001,38.849998,38.150002,38.32,38.32,46116900,2013,Aug,243
38.369999,38.75,38.34,38.549999,38.549999,21931200,2013,Aug,244
39,40.630001,38.93,40.549999,40.549999,86442300,2013,Aug,245
40.900002,41.939999,40.619999,41.34,41.34,94162400,2013,Aug,246
40.68,41.200001,39.419998,39.639999,39.639999,72695100,2013,Aug,247
39.959999,40.849998,39.880001,40.549999,40.549999,57918200,2013,Aug,248
40.889999,41.779999,40.799999,41.279999,41.279999,58303400,2013,Aug,249
42.02,42.259998,41.060001,41.290001,41.290001,67735100,2013,Aug,250
41.84,42.16,41.509998,41.869999,41.869999,48774900,2013,Sep,251
42.009998,42.169998,41.439999,41.779999,41.779999,42581900,2013,Sep,252
41.790001,42.77,41.77,42.66,42.66,50035400,2013,Sep,253
43.09,44.610001,42.400002,43.950001,43.950001,117535700,2013,Sep,254
44.360001,44.790001,43.700001,44.040001,44.040001,75794700,2013,Sep,255
44.240002,44.259998,43.23,43.599998,43.599998,54540300,2013,Sep,256
43.389999,45.09,43.110001,45.040001,45.040001,72328300,2013,Sep,257
45.529999,45.619999,44.650002,44.75,44.75,68072300,2013,Sep,258
45.040001,45.080002,43.93,44.310001,44.310001,52765300,2013,Sep,259
44.849998,44.939999,42.43,42.509998,42.509998,70424200,2013,Sep,260
42.5,45.439999,42.43,45.07,45.07,91934600,2013,Sep,261
44.84,45.470001,44.400002,45.23,45.23,79317000,2013,Sep,262
45.509998,46.049999,45.23,45.98,45.98,63972400,2013,Sep,263
46.32,47.599998,45.740002,47.490002,47.490002,115508400,2013,Sep,264
47.279999,47.549999,46.290001,47.189999,47.189999,75177000,2013,Sep,265
48.509998,49.66,48.16,48.450001,48.450001,136716100,2013,Sep,266
49.23,49.540001,48.459999,49.459999,49.459999,87879700,2013,Sep,267
50.009998,50.599998,49.5,50.389999,50.389999,98220100,2013,Sep,268
50.290001,51.279999,49.860001,51.240002,51.240002,81410500,2013,Sep,269
50.139999,51.599998,49.799999,50.23,50.23,100095000,2013,Sep,270
49.970001,51.029999,49.450001,50.419998,50.419998,98114000,2013,Oct,271
50.130001,51.099998,49.950001,50.279999,50.279999,62834000,2013,Oct,272
50.470001,50.720001,49.060001,49.18,49.18,82045000,2013,Oct,273
49.77,51.16,49.57,51.040001,51.040001,74447000,2013,Oct,274
50.73,51.290001,50.400002,50.52,50.52,57204000,2013,Oct,275
50.599998,50.599998,47.080002,47.139999,47.139999,136081000,2013,Oct,276
47.380001,47.84,45.259998,46.77,46.77,147297000,2013,Oct,277
47.869999,49.68,47.830002,49.049999,49.049999,99774000,2013,Oct,278
49.18,49.869999,48.790001,49.110001,49.110001,58428000,2013,Oct,279
48.310001,49.630001,47.91,49.509998,49.509998,68781000,2013,Oct,280
49.990002,51,49.18,49.5,49.5,81167000,2013,Oct,281
50.040001,51.240002,49.900002,51.139999,51.139999,64678000,2013,Oct,282
51.119999,52.220001,50.950001,52.209999,52.209999,71522000,2013,Oct,283
54.18,54.830002,53.599998,54.220001,54.220001,88260000,2013,Oct,284
54.68,54.810001,53.509998,53.849998,53.849998,58235000,2013,Oct,285
54.330002,54.759998,52.200001,52.68,52.68,83204000,2013,Oct,286
51.75,52.25,51.130001,51.900002,51.900002,57207000,2013,Oct,287
52.380001,52.84,51.59,52.450001,52.450001,46775000,2013,Oct,288
53.18,53.240002,51.880001,51.950001,51.950001,45085000,2013,Oct,289
51.540001,51.700001,49.610001,50.23,50.23,73472000,2013,Oct,290
50.73,50.790001,49.25,49.400002,49.400002,102143000,2013,Oct,291
50,50.209999,48.75,49.009998,49.009998,127073000,2013,Oct,292
47.16,52,46.5,50.209999,50.209999,248809000,2013,Oct,293
50.849998,52.09,49.720001,49.75,49.75,95033000,2013,Nov,294
49.369999,49.75,48.02,48.220001,48.220001,80371000,2013,Nov,295
47.790001,50.18,47.509998,50.110001,50.110001,76835000,2013,Nov,296
50.259998,50.450001,48.709999,49.119999,49.119999,67889000,2013,Nov,297
49.240002,49.869999,47.299999,47.560001,47.560001,97128000,2013,Nov,298
47.810001,48.650002,47.25,47.529999,47.529999,70731000,2013,Nov,299
47.040001,47.529999,45.73,46.200001,46.200001,80910000,2013,Nov,300
46,47.369999,45.830002,46.610001,46.610001,68196000,2013,Nov,301
46.23,48.740002,46.060001,48.709999,48.709999,79245000,2013,Nov,302
48.700001,49.57,48.029999,48.990002,48.990002,75117000,2013,Nov,303
49.110001,49.48,48.709999,49.009998,49.009998,42453000,2013,Nov,304
48.470001,48.84,45.799999,45.830002,45.830002,85910000,2013,Nov,305
46.259998,47,45.720001,46.360001,46.360001,75602000,2013,Nov,306
46.610001,47.549999,46.310001,46.43,46.43,53933000,2013,Nov,307
46.990002,47.459999,46.689999,46.700001,46.700001,34886000,2013,Nov,308
47.040001,47.27,45.959999,46.23,46.23,40545000,2013,Nov,309
46.360001,46.650002,44.040001,44.82,44.82,82565000,2013,Nov,310
44.66,46.169998,43.549999,45.889999,45.889999,82016000,2013,Nov,311
45.970001,46.669998,45.529999,46.490002,46.490002,44993000,2013,Nov,312
46.75,47.209999,46.5,47.009998,47.009998,22953900,2013,Nov,313
46.900002,47.540001,46.259998,47.060001,47.060001,50774000,2013,Dec,314
46.75,47.200001,46.290001,46.73,46.73,32086000,2013,Dec,315
46.459999,48.77,46.259998,48.619999,48.619999,60890000,2013,Dec,316
48.150002,48.700001,47.869999,48.34,48.34,43855000,2013,Dec,317
48.98,49.389999,47.709999,47.939999,47.939999,42938000,2013,Dec,318
48.09,48.970001,47.740002,48.84,48.84,36056000,2013,Dec,319
48.639999,50.77,48.540001,50.25,50.25,68479000,2013,Dec,320
50.549999,50.77,49.009998,49.380001,49.380001,65776000,2013,Dec,321
51.049999,52.07,50.66,51.830002,51.830002,92723000,2013,Dec,322
51.66,53.5,51.34,53.32,53.32,82641000,2013,Dec,323
53.25,54.5,52.91,53.810001,53.810001,85119000,2013,Dec,324
54.759998,55.18,54.240002,54.860001,54.860001,78751000,2013,Dec,325
54.860001,55.889999,53.75,55.57,55.57,76003000,2013,Dec,326
54.330002,55.189999,53.950001,55.049999,55.049999,89753200,2013,Dec,327
54.93,55.150002,54.23,55.119999,55.119999,239824000,2013,Dec,328
55.5,58.32,55.450001,57.77,57.77,98297000,2013,Dec,329
58.27,58.580002,56.91,57.959999,57.959999,46617800,2013,Dec,330
58.32,58.380001,57.369999,57.73,57.73,55101000,2013,Dec,331
57.48,57.68,55.25,55.439999,55.439999,60466000,2013,Dec,332
54.93,55.18,53.43,53.709999,53.709999,68307000,2013,Dec,333
54.119999,54.860001,53.91,54.650002,54.650002,43076200,2013,Dec,334
54.830002,55.220001,54.189999,54.709999,54.709999,43195500,2014,Jan,335
55.02,55.650002,54.529999,54.560001,54.560001,38246200,2014,Jan,336
54.419998,57.259998,54.049999,57.200001,57.200001,68852600,2014,Jan,337
57.700001,58.549999,57.220001,57.919998,57.919998,77207400,2014,Jan,338
57.599998,58.41,57.23,58.23,58.23,56682400,2014,Jan,339
58.650002,58.959999,56.650002,57.220001,57.220001,92253300,2014,Jan,340
57.130001,58.299999,57.060001,57.939999,57.939999,42449500,2014,Jan,341
57.91,58.25,55.380001,55.91,55.91,63010900,2014,Jan,342
56.459999,57.779999,56.099998,57.740002,57.740002,37503600,2014,Jan,343
57.98,58.57,57.27,57.599998,57.599998,33663400,2014,Jan,344
57.259998,58.02,56.830002,57.189999,57.189999,34541800,2014,Jan,345
57.299999,57.82,56.07,56.299999,56.299999,40849200,2014,Jan,346
56.599998,58.580002,56.5,58.509998,58.509998,48669200,2014,Jan,347
58.849998,59.310001,57.099998,57.509998,57.509998,61352900,2014,Jan,348
56.369999,56.68,55.689999,56.630001,56.630001,47951800,2014,Jan,349
56.150002,56.419998,54.400002,54.450001,54.450001,55200700,2014,Jan,350
54.73,54.939999,51.849998,53.549999,53.549999,73924100,2014,Jan,351
54.02,55.279999,54,55.139999,55.139999,48191200,2014,Jan,352
54.610001,54.950001,53.189999,53.529999,53.529999,92995600,2014,Jan,353
62.119999,62.5,60.459999,61.080002,61.080002,150178900,2014,Jan,354
60.470001,63.369999,60.169998,62.57,62.57,87794600,2014,Jan,355
63.029999,63.77,60.700001,61.48,61.48,74866600,2014,Feb,356
62.049999,63.139999,61.82,62.75,62.75,45985500,2014,Feb,357
62.740002,63.16,61.27,62.189999,62.189999,51685100,2014,Feb,358
61.459999,62.779999,61.459999,62.16,62.16,42086500,2014,Feb,359
62.27,64.57,62.220001,64.32,64.32,60704300,2014,Feb,360
64.300003,64.489998,63.470001,63.549999,63.549999,43666100,2014,Feb,361
63.75,65,63.349998,64.849998,64.849998,45675600,2014,Feb,362
64.919998,65.059998,64.050003,64.449997,64.449997,47282100,2014,Feb,363
64.18,67.330002,64.050003,67.330002,67.330002,61911700,2014,Feb,364
67.5,67.580002,66.720001,67.089996,67.089996,36694900,2014,Feb,365
66.940002,67.540001,66.07,67.300003,67.300003,43809900,2014,Feb,366
67.050003,69.080002,67,68.059998,68.059998,62087100,2014,Feb,367
67.730003,70.110001,65.730003,69.629997,69.629997,130928900,2014,Feb,368
69.690002,69.959999,68.449997,68.589996,68.589996,70932400,2014,Feb,369
68.739998,71.440002,68.540001,70.779999,70.779999,76620300,2014,Feb,370
70.949997,71,69.449997,69.849998,69.849998,52077000,2014,Feb,371
70.190002,71.220001,68.849998,69.260002,69.260002,55322700,2014,Feb,372
69.339996,70.010002,68.870003,68.940002,68.940002,41653700,2014,Feb,373
69.470001,69.879997,67.379997,68.459999,68.459999,66783700,2014,Feb,374
66.959999,68.050003,66.510002,67.410004,67.410004,56824100,2014,Mar,375
68.660004,68.900002,67.620003,68.800003,68.800003,42013500,2014,Mar,376
69.690002,71.970001,69.620003,71.57,71.57,74567700,2014,Mar,377
71.879997,71.889999,70.25,70.839996,70.839996,46026500,2014,Mar,378
71.080002,71.18,69.470001,69.800003,69.800003,38927000,2014,Mar,379
70.769997,72.150002,70.510002,72.029999,72.029999,59871600,2014,Mar,380
72.5,72.589996,69.959999,70.099998,70.099998,59408300,2014,Mar,381
69.860001,71.349998,69,70.879997,70.879997,46340500,2014,Mar,382
71.290001,71.349998,68.150002,68.830002,68.830002,57091000,2014,Mar,383
68.489998,69.43,67.459999,67.720001,67.720001,48227000,2014,Mar,384
68.18,68.949997,66.620003,68.739998,68.739998,52197000,2014,Mar,385
68.760002,69.599998,68.300003,69.190002,69.190002,40827000,2014,Mar,386
69.169998,69.290001,67.470001,68.239998,68.239998,43981000,2014,Mar,387
68.010002,68.230003,66.82,66.970001,66.970001,44439000,2014,Mar,388
67.529999,67.919998,66.18,67.239998,67.239998,59999900,2014,Mar,389
67.190002,67.360001,63.360001,64.099998,64.099998,85696000,2014,Mar,390
64.889999,66.190002,63.779999,64.889999,64.889999,68786000,2014,Mar,391
64.739998,64.949997,60.369999,60.389999,60.389999,97503900,2014,Mar,392
60.509998,61.900002,57.98,60.970001,60.970001,112650000,2014,Mar,393
61.34,61.950001,59.34,60.009998,60.009998,67052000,2014,Mar,394
60.779999,61.52,59.869999,60.240002,60.240002,53011000,2014,Mar,395
60.459999,62.66,60.240002,62.619999,62.619999,59291000,2014,Apr,396
63.209999,63.91,62.209999,62.720001,62.720001,66277000,2014,Apr,397
62.549999,63.169998,59.130001,59.490002,59.490002,83859000,2014,Apr,398
59.939999,60.200001,56.32,56.75,56.75,125214400,2014,Apr,399
55.900002,58,55.439999,56.950001,56.950001,108488000,2014,Apr,400
57.68,58.709999,57.169998,58.189999,58.189999,78836000,2014,Apr,401
59.630001,62.459999,59.189999,62.41,62.41,100215000,2014,Apr,402
63.080002,63.18,58.68,59.16,59.16,114988000,2014,Apr,403
57.599998,60.310001,57.310001,58.529999,58.529999,91452000,2014,Apr,404
60.09,60.450001,57.779999,58.889999,58.889999,72325000,2014,Apr,405
59.290001,59.68,55.880001,59.09,59.09,108623000,2014,Apr,406
59.790001,60.189999,57.740002,59.720001,59.720001,78774000,2014,Apr,407
59.299999,60.580002,58.720001,58.939999,58.939999,88040000,2014,Apr,408
59.459999,61.240002,59.150002,61.240002,61.240002,60364000,2014,Apr,409
62.650002,63.439999,62.220001,63.029999,63.029999,60631000,2014,Apr,410
63.450001,63.48,61.259998,61.360001,61.360001,95908700,2014,Apr,411
63.599998,63.650002,59.77,60.869999,60.869999,138769000,2014,Apr,412
59.970001,60.009998,57.57,57.709999,57.709999,92502000,2014,Apr,413
58.049999,58.310001,54.66,56.139999,56.139999,107758000,2014,Apr,414
56.09,58.279999,55.84,58.150002,58.150002,75557000,2014,Apr,415
57.580002,59.849998,57.16,59.779999,59.779999,76093000,2014,Apr,416
60.43,62.279999,60.209999,61.150002,61.150002,82429000,2014,May,417
61.299999,61.889999,60.18,60.459999,60.459999,54189000,2014,May,418
59.669998,61.349998,59.18,61.220001,61.220001,46057000,2014,May,419
60.98,61.150002,58.490002,58.529999,58.529999,55901000,2014,May,420
58.77,59.299999,56.259998,57.389999,57.389999,78587000,2014,May,421
57.23,58.82,56.5,56.759998,56.759998,61251000,2014,May,422
56.849998,57.650002,56.380001,57.240002,57.240002,52584000,2014,May,423
57.98,59.900002,57.98,59.830002,59.830002,48575000,2014,May,424
59.66,60.889999,59.509998,59.830002,59.830002,48525000,2014,May,425
59.529999,60.450001,58.950001,59.23,59.23,47429000,2014,May,426
59.259998,59.380001,57.52,57.919998,57.919998,56814000,2014,May,427
58.310001,58.450001,57.310001,58.02,58.02,47933000,2014,May,428
57.889999,59.560001,57.57,59.209999,59.209999,43034000,2014,May,429
59.5,60.189999,58.18,58.560001,58.560001,53931000,2014,May,430
58.560001,60.5,58.25,60.490002,60.490002,58992000,2014,May,431
60.939999,61.48,60.400002,60.52,60.52,54200000,2014,May,432
60.41,61.450001,60.150002,61.349998,61.349998,38294000,2014,May,433
61.619999,63.509998,61.57,63.48,63.48,55682000,2014,May,434
63.389999,64.139999,62.619999,63.509998,63.509998,47795000,2014,May,435
63.84,64.300003,63.509998,63.830002,63.830002,42700000,2014,May,436
63.950001,64.169998,62.560001,63.299999,63.299999,45253500,2014,May,437
63.23,63.59,62.049999,63.080002,63.080002,35996000,2014,Jun,438
62.619999,63.419998,62.32,62.869999,62.869999,32217000,2014,Jun,439
62.450001,63.59,62.07,63.34,63.34,36514000,2014,Jun,440
63.66,64.360001,62.82,63.189999,63.189999,47352000,2014,Jun,441
63.369999,63.48,62.150002,62.5,62.5,42442000,2014,Jun,442
62.400002,63.34,61.790001,62.880001,62.880001,37617000,2014,Jun,443
63.529999,65.82,63.5,65.769997,65.769997,69338000,2014,Jun,444
65.32,65.800003,64.900002,65.779999,65.779999,44242000,2014,Jun,445
65.849998,66.470001,64.059998,64.290001,64.290001,55730000,2014,Jun,446
64.699997,64.970001,63.830002,64.5,64.5,29419000,2014,Jun,447
64.160004,64.879997,63.75,64.190002,64.190002,31046000,2014,Jun,448
64.099998,64.879997,63.93,64.400002,64.400002,27715000,2014,Jun,449
64.489998,65.75,64.050003,65.599998,65.599998,35570000,2014,Jun,450
65.459999,65.580002,64.209999,64.339996,64.339996,34245000,2014,Jun,451
64.459999,64.809998,63.349998,64.5,64.5,46466000,2014,Jun,452
64.32,65.660004,64.220001,65.370003,65.370003,34560000,2014,Jun,453
65.360001,67.169998,65.269997,65.720001,65.720001,57335000,2014,Jun,454
65.580002,67.480003,65.57,67.440002,67.440002,44308000,2014,Jun,455
68,68,66.900002,67.129997,67.129997,47714000,2014,Jun,456
67.309998,67.699997,66.839996,67.599998,67.599998,46461000,2014,Jun,457
67.459999,67.919998,67.129997,67.290001,67.290001,27102800,2014,Jun,458
67.580002,68.440002,67.389999,68.059998,68.059998,33243000,2014,Jul,459
68.040001,68.300003,65.790001,66.449997,66.449997,41895000,2014,Jul,460
66.860001,67,65.760002,66.290001,66.290001,25203200,2014,Jul,461
66.300003,66.57,65.120003,65.290001,65.290001,28745000,2014,Jul,462
65.059998,65.559998,62.209999,62.759998,62.759998,68926000,2014,Jul,463
63.41,65.120003,63.150002,64.970001,64.970001,51432000,2014,Jul,464
63.310001,65.339996,63.049999,64.870003,64.870003,44422000,2014,Jul,465
65.279999,66.589996,64.790001,66.339996,66.339996,39212000,2014,Jul,466
67.129997,68.169998,66.900002,67.900002,67.900002,38537000,2014,Jul,467
67.959999,68.089996,66.260002,67.169998,67.169998,44213200,2014,Jul,468
67.540001,67.940002,67.07,67.660004,67.660004,29541600,2014,Jul,469
67.029999,67.849998,66.040001,66.410004,66.410004,38188000,2014,Jul,470
66.800003,68.459999,66.160004,68.419998,68.419998,42456000,2014,Jul,471
68.809998,69.959999,68.5,69.400002,69.400002,49539000,2014,Jul,472
69.760002,69.769997,68.610001,69.269997,69.269997,40398000,2014,Jul,473
69.739998,71.330002,69.610001,71.290001,71.290001,78435000,2014,Jul,474
75.959999,76.739998,74.510002,74.980003,74.980003,124168000,2014,Jul,475
74.989998,75.669998,74.660004,75.190002,75.190002,45917000,2014,Jul,476
75.169998,75.5,73.849998,74.919998,74.919998,41725000,2014,Jul,477
74.720001,74.919998,73.419998,73.709999,73.709999,41324000,2014,Jul,478
74.209999,75.190002,74.129997,74.68,74.68,36853000,2014,Jul,479
74,74.169998,72.440002,72.650002,72.650002,43992000,2014,Jul,480
72.220001,73.220001,71.550003,72.360001,72.360001,43535000,2014,Aug,481
72.360001,73.879997,72.360001,73.510002,73.510002,30777000,2014,Aug,482
73.199997,73.589996,72.18,72.690002,72.690002,34986000,2014,Aug,483
72.019997,73.720001,71.790001,72.470001,72.470001,30986000,2014,Aug,484
73,74,72.699997,73.169998,73.169998,38141000,2014,Aug,485
73.400002,73.43,72.559998,73.059998,73.059998,27202000,2014,Aug,486
73.459999,73.910004,73.059998,73.440002,73.440002,24591000,2014,Aug,487
73.089996,73.330002,72.220001,72.830002,72.830002,27419000,2014,Aug,488
73.120003,74.25,73.050003,73.769997,73.769997,29266000,2014,Aug,489
73.970001,74.379997,73.690002,74.300003,74.300003,22207000,2014,Aug,490
74.32,74.650002,73,73.629997,73.629997,38846600,2014,Aug,491
74,74.720001,73.959999,74.589996,74.589996,23974000,2014,Aug,492
74.809998,75.580002,74.510002,75.290001,75.290001,26679000,2014,Aug,493
74.970001,75.18,74.620003,74.809998,74.809998,22917000,2014,Aug,494
74.919998,75.190002,74.410004,74.57,74.57,20102000,2014,Aug,495
74.339996,74.730003,73.57,74.57,74.57,20897000,2014,Aug,496
74.940002,75.279999,74.790001,75.019997,75.019997,19734000,2014,Aug,497
75,75.989998,74.730003,75.959999,75.959999,23993000,2014,Aug,498
75.269997,75.489998,74.459999,74.629997,74.629997,36323000,2014,Aug,499
74,74.43,73.730003,73.860001,73.860001,21947000,2014,Aug,500
74.300003,74.82,74.010002,74.82,74.82,26241000,2014,Aug,501
75.010002,76.699997,74.82,76.68,76.68,34979000,2014,Sep,502
77.139999,77.480003,75.599998,75.830002,75.830002,32389000,2014,Sep,503
75.889999,76.93,75.529999,75.949997,75.949997,26676000,2014,Sep,504
76.099998,77.379997,75.599998,77.260002,77.260002,29476000,2014,Sep,505
77.260002,78.169998,77.010002,77.889999,77.889999,28183000,2014,Sep,506
77.589996,78.169998,76.199997,76.669998,76.669998,28882000,2014,Sep,507
76.519997,77.949997,76.510002,77.43,77.43,29909000,2014,Sep,508
77.129997,78.360001,77.050003,77.919998,77.919998,32219000,2014,Sep,509
78.019997,78.300003,77.099998,77.480003,77.480003,26676800,2014,Sep,510
77.150002,77.25,73.43,74.580002,74.580002,49679000,2014,Sep,511
73.519997,76.230003,73.07,76.080002,76.080002,37742000,2014,Sep,512
75.959999,77.25,75.57,76.43,76.43,28693000,2014,Sep,513
76.769997,77.330002,76.519997,77,77,23031000,2014,Sep,514
77.400002,78.300003,76.440002,77.910004,77.910004,76671000,2014,Sep,515
77,77.529999,75.949997,76.800003,76.800003,31961000,2014,Sep,516
76.330002,78.629997,76.040001,78.290001,78.290001,36814000,2014,Sep,517
78.099998,78.620003,77.510002,78.540001,78.540001,30680000,2014,Sep,518
78.599998,78.940002,77.129997,77.220001,77.220001,37533000,2014,Sep,519
77.589996,78.839996,77.330002,78.790001,78.790001,28872000,2014,Sep,520
78.120003,79.199997,77.910004,79,79,34031000,2014,Sep,521
79.349998,79.709999,78.599998,79.040001,79.040001,35899000,2014,Sep,522
78.779999,78.82,75.900002,76.550003,76.550003,55090000,2014,Oct,523
76.57,77.480003,75.639999,77.080002,77.080002,36488000,2014,Oct,524
77.760002,78.059998,77.260002,77.440002,77.440002,23340000,2014,Oct,525
77.190002,77.889999,76.849998,77.559998,77.559998,25729000,2014,Oct,526
77.050003,77.949997,76.239998,76.290001,76.290001,25317000,2014,Oct,527
76.18,77.709999,75.099998,77.519997,77.519997,32976000,2014,Oct,528
77.279999,77.760002,75.849998,75.910004,75.910004,32487000,2014,Oct,529
75.589996,76.5,72.760002,72.910004,72.910004,52146000,2014,Oct,530
73.230003,74.779999,72.519997,72.989998,72.989998,43938000,2014,Oct,531
74,74.18,72.050003,73.589996,73.589996,50299000,2014,Oct,532
71.690002,73.800003,70.32,73.209999,73.209999,61528000,2014,Oct,533
70.790001,73.349998,70.580002,72.629997,72.629997,53529000,2014,Oct,534
74.230003,76,73.75,75.949997,75.949997,76342000,2014,Oct,535
75.599998,77.089996,75.379997,76.949997,76.949997,34701000,2014,Oct,536
77.559998,78.739998,77.150002,78.690002,78.690002,32252000,2014,Oct,537
78.82,79.849998,78.010002,78.370003,78.370003,41862000,2014,Oct,538
79.379997,80.629997,79.010002,80.040001,80.040001,35056000,2014,Oct,539
80.199997,80.82,79.32,80.669998,80.669998,32248000,2014,Oct,540
80.739998,80.800003,79.760002,80.279999,80.279999,30169000,2014,Oct,541
80.18,81.160004,79.57,80.769997,80.769997,74212000,2014,Oct,542
75.449997,76.879997,74.779999,75.860001,75.860001,106120000,2014,Oct,543
75.050003,75.349998,72.900002,74.110001,74.110001,83270000,2014,Oct,544
74.93,75.699997,74.449997,74.989998,74.989998,44544000,2014,Oct,545
75.470001,75.519997,73.699997,73.879997,73.879997,40727000,2014,Nov,546
74.230003,75.769997,73.650002,75.760002,75.760002,39326000,2014,Nov,547
76.510002,76.800003,74.419998,74.830002,74.830002,35913000,2014,Nov,548
74.889999,75.599998,74.309998,75.260002,75.260002,21383000,2014,Nov,549
75.389999,75.860001,75.019997,75.599998,75.599998,20774000,2014,Nov,550
75.360001,75.480003,74.610001,75,75,21575100,2014,Nov,551
74.949997,74.980003,74.029999,74.610001,74.610001,18715700,2014,Nov,552
74.279999,75.139999,73.540001,74.720001,74.720001,26536600,2014,Nov,553
74.739998,75.239998,73.639999,74.25,74.25,26448500,2014,Nov,554
74.269997,74.93,74.040001,74.879997,74.879997,19476900,2014,Nov,555
74.879997,75.660004,73.879997,74.239998,74.239998,28701200,2014,Nov,556
74.449997,74.800003,73.900002,74.339996,74.339996,20690500,2014,Nov,557
74.010002,74.540001,73.110001,73.330002,73.330002,25441200,2014,Nov,558
72.800003,73.989998,72.510002,73.599998,73.599998,19154900,2014,Nov,559
74.5,74.5,73.5,73.75,73.75,23060400,2014,Nov,560
73.540001,74.349998,73.349998,74.010002,74.010002,22103800,2014,Nov,561
74.209999,75.739998,74.129997,75.629997,75.629997,32250200,2014,Nov,562
75.529999,77.779999,75.510002,77.620003,77.620003,32695300,2014,Nov,563
77.669998,78.269997,77.230003,77.699997,77.699997,15992000,2014,Nov,564
77.260002,77.309998,74.800003,75.099998,75.099998,31789900,2014,Dec,565
75.330002,75.910004,75.040001,75.459999,75.459999,16773900,2014,Dec,566
75.379997,75.730003,74.400002,74.879997,74.879997,16689900,2014,Dec,567
74.830002,75.550003,74.660004,75.239998,75.239998,14362800,2014,Dec,568
75.800003,76.760002,75.360001,76.360001,76.360001,24306400,2014,Dec,569
76.18,77.25,75.400002,76.519997,76.519997,25733900,2014,Dec,570
75.199997,76.93,74.779999,76.839996,76.839996,25358600,2014,Dec,571
76.650002,77.550003,76.07,76.18,76.18,32210500,2014,Dec,572
76.519997,78.519997,76.480003,77.730003,77.730003,33462100,2014,Dec,573
77.160004,78.879997,77.019997,77.830002,77.830002,28091600,2014,Dec,574
78.459999,78.580002,76.559998,76.989998,76.989998,29396500,2014,Dec,575
76.190002,77.389999,74.589996,74.690002,74.690002,31554600,2014,Dec,576
75.010002,76.410004,74.900002,76.110001,76.110001,29203900,2014,Dec,577
76.889999,78.400002,76.510002,78.400002,78.400002,34222100,2014,Dec,578
78.75,80,78.330002,79.879997,79.879997,43335000,2014,Dec,579
80.080002,81.889999,80,81.449997,81.449997,31395800,2014,Dec,580
82.019997,82.169998,80.400002,80.610001,80.610001,19865800,2014,Dec,581
81.029999,81.43,80.75,80.769997,80.769997,7685500,2014,Dec,582
81.019997,81.279999,80.510002,80.779999,80.779999,10647400,2014,Dec,583
80.489998,80.959999,79.709999,80.019997,80.019997,14134700,2014,Dec,584
79.849998,80.589996,79.099998,79.220001,79.220001,14370800,2014,Dec,585
79.540001,79.800003,77.860001,78.019997,78.019997,19935400,2014,Dec,586
78.580002,78.93,77.699997,78.449997,78.449997,18177500,2015,Jan,587
77.980003,79.25,76.860001,77.190002,77.190002,26452200,2015,Jan,588
77.230003,77.589996,75.360001,76.150002,76.150002,27399300,2015,Jan,589
76.760002,77.360001,75.82,76.150002,76.150002,22045300,2015,Jan,590
76.739998,78.230003,76.080002,78.18,78.18,23961000,2015,Jan,591
78.199997,78.620003,77.199997,77.739998,77.739998,21157000,2015,Jan,592
77.839996,78,76.209999,76.720001,76.720001,19190200,2015,Jan,593
77.230003,78.080002,75.849998,76.449997,76.449997,25179600,2015,Jan,594
76.419998,77.199997,76.029999,76.279999,76.279999,25741000,2015,Jan,595
76.400002,76.57,73.540001,74.050003,74.050003,34134000,2015,Jan,596
74.040001,75.32,73.839996,75.18,75.18,21791500,2015,Jan,597
75.720001,76.309998,74.82,76.239998,76.239998,22821600,2015,Jan,598
76.160004,77.300003,75.849998,76.739998,76.739998,25096700,2015,Jan,599
77.169998,77.75,76.68,77.650002,77.650002,19519500,2015,Jan,600
77.650002,78.190002,77.040001,77.830002,77.830002,16746500,2015,Jan,601
77.980003,78.470001,77.290001,77.5,77.5,19260800,2015,Jan,602
76.709999,76.879997,75.629997,75.779999,75.779999,20110000,2015,Jan,603
76.900002,77.639999,76,76.239998,76.239998,53306400,2015,Jan,604
76.849998,78.019997,74.209999,78,78,61293500,2015,Jan,605
78,78.160004,75.75,75.910004,75.910004,42649500,2015,Jan,606
76.110001,76.139999,73.75,74.989998,74.989998,41955300,2015,Feb,607
75.190002,75.580002,73.860001,75.400002,75.400002,26957700,2015,Feb,608
75.089996,76.349998,75.010002,75.629997,75.629997,20277400,2015,Feb,609
75.709999,75.980003,75.209999,75.610001,75.610001,15062600,2015,Feb,610
75.68,75.699997,74.25,74.470001,74.470001,21211000,2015,Feb,611
74.050003,74.830002,73.449997,74.440002,74.440002,16194300,2015,Feb,612
74.849998,75.339996,74.5,75.190002,75.190002,15811300,2015,Feb,613
75.089996,76.75,75.029999,76.510002,76.510002,20877400,2015,Feb,614
76.860001,76.870003,75.889999,76.230003,76.230003,17235000,2015,Feb,615
76.459999,76.480003,75.5,75.739998,75.739998,18621900,2015,Feb,616
75.300003,76.910004,75.080002,75.599998,75.599998,25254400,2015,Feb,617
75.940002,76.900002,75.449997,76.709999,76.709999,22426400,2015,Feb,618
76.989998,79.839996,76.949997,79.419998,79.419998,45851200,2015,Feb,619
79.550003,80.339996,79.199997,79.900002,79.900002,36931700,2015,Feb,620
79.959999,80.190002,78.379997,78.839996,78.839996,24139100,2015,Feb,621
78.5,79.480003,78.099998,78.449997,78.449997,18897100,2015,Feb,622
78.5,80.199997,78.5,79.559998,79.559998,25593800,2015,Feb,623
79.879997,81.370003,79.720001,80.410004,80.410004,31111900,2015,Feb,624
80.68,81.230003,78.620003,78.970001,78.970001,30739200,2015,Feb,625
79,79.860001,78.519997,79.75,79.75,21662500,2015,Mar,626
79.610001,79.699997,78.519997,79.599998,79.599998,18635000,2015,Mar,627
79.300003,81.150002,78.849998,80.900002,80.900002,28126700,2015,Mar,628
81.230003,81.989998,81.050003,81.209999,81.209999,27825700,2015,Mar,629
80.900002,81.330002,79.830002,80.010002,80.010002,24488600,2015,Mar,630
79.68,79.910004,78.629997,79.440002,79.440002,18925100,2015,Mar,631
78.5,79.260002,77.550003,77.550003,77.550003,23067100,2015,Mar,632
77.800003,78.43,77.260002,77.57,77.57,20215700,2015,Mar,633
78.099998,79.050003,77.910004,78.93,78.93,16093300,2015,Mar,634
78.599998,79.379997,77.68,78.050003,78.050003,18557300,2015,Mar,635
77.959999,78.120003,77.360001,78.07,78.07,19305400,2015,Mar,636
78.360001,79.779999,78.339996,79.360001,79.360001,22170000,2015,Mar,637
79.25,81.239998,79.169998,80.910004,80.910004,36912400,2015,Mar,638
81.120003,83,81,82.75,82.75,42099500,2015,Mar,639
83.389999,84.599998,83.07,83.800003,83.800003,44466300,2015,Mar,640
83.919998,84.959999,83.300003,84.43,84.43,27357300,2015,Mar,641
84.709999,86.07,84.519997,85.309998,85.309998,32576500,2015,Mar,642
85.5,85.519997,82.919998,82.919998,82.919998,37436100,2015,Mar,643
82.720001,83.769997,82.139999,83.010002,83.010002,32794800,2015,Mar,644
83.379997,83.949997,82.879997,83.300003,83.300003,18372600,2015,Mar,645
83.809998,84.339996,82.410004,83.199997,83.199997,24527700,2015,Mar,646
82.900002,83.5,82.209999,82.220001,82.220001,19734300,2015,Mar,647
82.5,82.720001,80.870003,81.669998,81.669998,22058200,2015,Apr,648
82.25,82.559998,81.440002,81.559998,81.559998,19664100,2015,Apr,649
80.800003,82.809998,80.800003,82.440002,82.440002,19062900,2015,Apr,650
82.650002,83.419998,82.220001,82.32,82.32,17467000,2015,Apr,651
82.629997,83.099998,81.839996,82.279999,82.279999,18966700,2015,Apr,652
82.5,82.800003,81.709999,82.169998,82.169998,15927300,2015,Apr,653
82.209999,82.610001,81.910004,82.040001,82.040001,12529700,2015,Apr,654
81.93,83.940002,81.919998,83.010002,83.010002,26883100,2015,Apr,655
83.169998,83.690002,82.440002,83.519997,83.519997,19634200,2015,Apr,656
83.550003,83.660004,82.269997,82.709999,82.709999,22390900,2015,Apr,657
82.470001,83.07,82.150002,82.309998,82.309998,13769700,2015,Apr,658
81.480003,82.110001,80.370003,80.779999,80.779999,24215000,2015,Apr,659
81.540001,83.150002,81.239998,83.089996,83.089996,28796800,2015,Apr,660
84,84.489998,83.540001,83.620003,83.620003,27171900,2015,Apr,661
84.32,84.739998,83.650002,84.629997,84.629997,45548000,2015,Apr,662
84.099998,85.589996,82.410004,82.410004,82.410004,73728100,2015,Apr,663
82.769997,82.940002,81.480003,81.529999,81.529999,29660400,2015,Apr,664
81.870003,82.93,81.629997,81.910004,81.910004,25446000,2015,Apr,665
81.830002,81.900002,80.230003,80.68,80.68,23775300,2015,Apr,666
80.010002,81.389999,79.519997,80.470001,80.470001,26430300,2015,Apr,667
80.010002,80.959999,78.32,78.769997,78.769997,28999000,2015,Apr,668
79.239998,79.760002,78.110001,78.989998,78.989998,24136400,2015,May,669
79.330002,79.690002,78.629997,78.809998,78.809998,14692000,2015,May,670
78.550003,78.800003,77.220001,77.559998,77.559998,22311300,2015,May,671
77.970001,78.809998,77.050003,78.099998,78.099998,28663000,2015,May,672
78,78.940002,77.559998,78.43,78.43,19749400,2015,May,673
79.099998,79.230003,78.029999,78.510002,78.510002,19943600,2015,May,674
78.480003,79.029999,77.93,78.010002,78.010002,18874100,2015,May,675
77.870003,77.889999,76.790001,77.459999,77.459999,21285300,2015,May,676
77.720001,78.529999,77.650002,78.440002,78.440002,21512300,2015,May,677
78.940002,81.849998,78.669998,81.370003,81.370003,49438000,2015,May,678
81.410004,81.519997,80.18,80.419998,80.419998,27069900,2015,May,679
80.330002,81.379997,80.230003,80.879997,80.879997,21613700,2015,May,680
81.25,81.690002,80.550003,80.629997,80.629997,17955400,2015,May,681
80.470001,81.099998,79.459999,80.550003,80.550003,23056900,2015,May,682
80.190002,80.919998,80.080002,80.480003,80.480003,13402700,2015,May,683
80.349998,81.309998,80.25,80.540001,80.540001,19567900,2015,May,684
80.43,80.599998,79.080002,79.330002,79.330002,16321300,2015,May,685
79.599998,80.660004,79.43,80.550003,80.550003,14160900,2015,May,686
80.25,81.07,80,80.150002,80.150002,11982000,2015,May,687
79.949997,80.07,78.879997,79.190002,79.190002,16134600,2015,May,688
79.300003,80.379997,78.660004,80.290001,80.290001,18119000,2015,Jun,689
79.760002,81.349998,79.559998,80.440002,80.440002,18923300,2015,Jun,690
81.349998,82.529999,81.25,82.440002,82.440002,31594700,2015,Jun,691
82.139999,82.949997,81.510002,82.050003,82.050003,20863900,2015,Jun,692
81.870003,82.459999,81.510002,82.139999,82.139999,16143100,2015,Jun,693
81.82,82,80.129997,80.669998,80.669998,16915500,2015,Jun,694
80.599998,81.190002,79.32,80.669998,80.669998,16497500,2015,Jun,695
80.830002,82.599998,80.809998,82.160004,82.160004,21531200,2015,Jun,696
82.309998,82.900002,81.360001,81.830002,81.830002,18656800,2015,Jun,697
81.370003,82.089996,81.199997,81.529999,81.529999,11417900,2015,Jun,698
80.550003,80.93,80.07,80.709999,80.709999,18805100,2015,Jun,699
80.82,81.510002,80.449997,81.059998,81.059998,13693700,2015,Jun,700
81.760002,82.220001,81.339996,81.790001,81.790001,18350300,2015,Jun,701
81.639999,83.190002,81.57,82.910004,82.910004,26782600,2015,Jun,702
82.830002,82.980003,82.120003,82.510002,82.510002,23353200,2015,Jun,703
83.410004,84.970001,83.309998,84.739998,84.739998,29383100,2015,Jun,704
84.959999,87.970001,84.760002,87.879997,87.879997,50667900,2015,Jun,705
87.660004,89.25,87.449997,88.860001,88.860001,41370200,2015,Jun,706
89.260002,89.400002,87.839996,87.980003,87.980003,27302000,2015,Jun,707
88.120003,88.339996,86.830002,88.010002,88.010002,38214600,2015,Jun,708
86.610001,87.5,85.730003,85.800003,85.800003,35957900,2015,Jun,709
86.599998,86.699997,85.57,85.769997,85.769997,23016500,2015,Jun,710
86.769997,87.949997,86.489998,86.910004,86.910004,25260000,2015,Jul,711
87.400002,87.440002,86.339996,87.290001,87.290001,16908800,2015,Jul,712
86.489998,88.190002,86.389999,87.550003,87.550003,24635900,2015,Jul,713
87.800003,87.849998,85.230003,87.220001,87.220001,33059900,2015,Jul,714
86.290001,86.75,85.449997,85.650002,85.650002,24399300,2015,Jul,715
86.730003,87.599998,85.650002,85.879997,85.879997,23144200,2015,Jul,716
87.349998,88.220001,86.769997,87.949997,87.949997,23245900,2015,Jul,717
88.660004,90.220001,88.419998,90.099998,90.099998,29976700,2015,Jul,718
90.459999,90.800003,89.650002,89.68,89.68,26627800,2015,Jul,719
90,90.989998,89.419998,89.760002,89.760002,30886600,2015,Jul,720
90.279999,90.860001,89.769997,90.849998,90.849998,21804100,2015,Jul,721
92.550003,95.389999,92.540001,94.970001,94.970001,54001600,2015,Jul,722
95.849998,98.599998,95.360001,97.910004,97.910004,54860500,2015,Jul,723
98.949997,99.239998,97.139999,98.389999,98.389999,39453300,2015,Jul,724
96.739998,97.580002,95.919998,97.040001,97.040001,28299500,2015,Jul,725
96.959999,97.449997,94.809998,95.440002,95.440002,29418800,2015,Jul,726
97.349998,97.760002,95.879997,96.949997,96.949997,33444900,2015,Jul,727
96.580002,96.610001,93.830002,94.169998,94.169998,38585400,2015,Jul,728
94.839996,95.559998,93.309998,95.290001,95.290001,35236000,2015,Jul,729
96.32,97.279999,94.739998,96.989998,96.989998,64648300,2015,Jul,730
94.910004,95.809998,91.800003,95.209999,95.209999,86211300,2015,Jul,731
94.949997,96.330002,93.949997,94.010002,94.010002,46509000,2015,Jul,732
93.529999,95.080002,92.800003,94.139999,94.139999,29343100,2015,Aug,733
93.790001,94.730003,93.330002,94.059998,94.059998,20136000,2015,Aug,734
95.25,97.089996,95.18,96.440002,96.440002,29813200,2015,Aug,735
97.18,98.739998,94.419998,95.120003,95.120003,42271300,2015,Aug,736
95.379997,95.400002,93.610001,94.300003,94.300003,23199100,2015,Aug,737
95.68,95.900002,93.629997,94.150002,94.150002,21624200,2015,Aug,738
93.730003,94.760002,92.900002,93.620003,93.620003,22491000,2015,Aug,739
92.699997,94.440002,91.190002,94.190002,94.190002,27050500,2015,Aug,740
94.050003,94.730003,93.349998,93.43,93.43,17451800,2015,Aug,741
93.540001,94.720001,93.209999,94.419998,94.419998,15929700,2015,Aug,742
94.419998,94.459999,93.389999,93.93,93.93,18313500,2015,Aug,743
94.080002,95.849998,94.040001,95.169998,95.169998,22278800,2015,Aug,744
94.629997,96.099998,94.160004,95.309998,95.309998,23156500,2015,Aug,745
93.540001,94.769997,90.459999,90.559998,90.559998,44598200,2015,Aug,746
87.519997,89.18,85.610001,86.059998,86.059998,62778700,2015,Aug,747
77.029999,82.089996,72,82.089996,82.089996,83710700,2015,Aug,748
86.949997,87.669998,83,83,83,52021200,2015,Aug,749
85.949997,87.459999,83.260002,87.190002,87.190002,45124300,2015,Aug,750
89.099998,90.059998,87.190002,89.730003,89.730003,42431400,2015,Aug,751
89.879997,91.480003,89.790001,91.010002,91.010002,33215900,2015,Aug,752
90.599998,91.050003,88.889999,89.43,89.43,32850700,2015,Aug,753
86.849998,89.389999,86.5,87.230003,87.230003,36097400,2015,Sep,754
88.809998,89.889999,87.629997,89.889999,89.889999,27190500,2015,Sep,755
89.760002,89.82,87.730003,88.150002,88.150002,27048200,2015,Sep,756
87.199997,88.389999,86.699997,88.260002,88.260002,27328700,2015,Sep,757
89.690002,90.239998,88.830002,89.529999,89.529999,27012500,2015,Sep,758
90.779999,91.980003,90.169998,90.440002,90.440002,32551100,2015,Sep,759
90.07,92.059998,89.629997,91.980003,91.980003,26437400,2015,Sep,760
91.68,92.080002,91.129997,92.050003,92.050003,21185000,2015,Sep,761
92.309998,92.620003,91.599998,92.309998,92.309998,20127900,2015,Sep,762
92.370003,93.25,91.790001,92.900002,92.900002,18859400,2015,Sep,763
92.900002,93.599998,92.629997,93.449997,93.449997,16321200,2015,Sep,764
93.370003,95.510002,92.900002,94.339996,94.339996,27841800,2015,Sep,765
93.199997,95.190002,93.050003,94.400002,94.400002,62300000,2015,Sep,766
94.620003,96.489998,94.519997,95.550003,95.550003,28790000,2015,Sep,767
93.769997,94.68,91.919998,92.959999,92.959999,36888900,2015,Sep,768
93.400002,94.32,92.800003,93.970001,93.970001,21701400,2015,Sep,769
93.059998,94.769997,92.239998,94.410004,94.410004,29106000,2015,Sep,770
95.790001,95.849998,92.059998,92.769997,92.769997,28961600,2015,Sep,771
92.080002,92.290001,88.18,89.209999,89.209999,41199900,2015,Sep,772
89.099998,90.059998,85.720001,86.669998,86.669998,42281800,2015,Sep,773
88.440002,90.019997,88.010002,89.900002,89.900002,36169100,2015,Sep,774
90.050003,90.949997,88.360001,90.949997,90.949997,29283700,2015,Oct,775
88.900002,92.199997,88.370003,92.07,92.07,37881700,2015,Oct,776
92.940002,94.269997,92.660004,94.010002,94.010002,27292500,2015,Oct,777
94.080002,94.169998,92.339996,92.800003,92.800003,22172800,2015,Oct,778
93.110001,93.660004,91.370003,92.400002,92.400002,24129300,2015,Oct,779
91.889999,93.220001,90.470001,92.470001,92.470001,27290500,2015,Oct,780
92.900002,93.739998,92.239998,93.239998,93.239998,20012900,2015,Oct,781
93.32,94.599998,92.669998,94.260002,94.260002,18449600,2015,Oct,782
93.660004,95.370003,93.550003,94.120003,94.120003,19480300,2015,Oct,783
94.080002,95.199997,93.610001,94.07,94.07,19253400,2015,Oct,784
94.989998,96.300003,94.900002,95.959999,95.959999,27557500,2015,Oct,785
96.18,97.589996,95.349998,97.540001,97.540001,25412900,2015,Oct,786
97.18,98.57,96.919998,98.470001,98.470001,23729900,2015,Oct,787
98.730003,99.589996,96.559998,97,97,30700500,2015,Oct,788
97.370003,98.18,96.470001,97.110001,97.110001,21917800,2015,Oct,789
97.790001,99.730003,97.550003,99.669998,99.669998,26392100,2015,Oct,790
101.910004,102.849998,100.160004,102.190002,102.190002,42809700,2015,Oct,791
102.199997,103.809998,101.550003,103.769997,103.769997,25961200,2015,Oct,792
102.940002,104.099998,102.400002,103.699997,103.699997,23795500,2015,Oct,793
103.900002,104.480003,102.919998,104.199997,104.199997,24081500,2015,Oct,794
103.959999,105.120003,103.519997,104.879997,104.879997,20316700,2015,Oct,795
104.510002,104.720001,101.650002,101.970001,101.970001,33487100,2015,Oct,796
101.720001,103.470001,101.18,103.309998,103.309998,24003900,2015,Nov,797
103.220001,103.650002,102.400002,102.580002,102.580002,21242300,2015,Nov,798
103.190002,104.139999,102.480003,103.940002,103.940002,43469300,2015,Nov,799
108.800003,110.650002,107.949997,108.760002,108.760002,63232900,2015,Nov,800
108.040001,108.739998,105.910004,107.099998,107.099998,35084300,2015,Nov,801
107,108.25,105.860001,106.489998,106.489998,26383500,2015,Nov,802
105.959999,108.150002,105.239998,107.910004,107.910004,25031700,2015,Nov,803
108.269997,109.870003,107.110001,109.010002,109.010002,25057100,2015,Nov,804
108.480003,109.389999,108,108.019997,108.019997,20924700,2015,Nov,805
107.709999,108.25,103.830002,103.949997,103.949997,30278400,2015,Nov,806
103.32,104.169998,100.470001,104.040001,104.040001,49309200,2015,Nov,807
104.620003,106.199997,104.139999,105.129997,105.129997,26807200,2015,Nov,808
105.800003,107.879997,105.389999,107.769997,107.769997,23836500,2015,Nov,809
107.360001,107.730003,105.949997,106.260002,106.260002,25520600,2015,Nov,810
106.839996,107.870003,106.620003,107.32,107.32,22129600,2015,Nov,811
107.190002,107.470001,106.080002,106.949997,106.949997,19897200,2015,Nov,812
106,106.489998,104.389999,105.739998,105.739998,23577300,2015,Nov,813
106.330002,106.599998,105.099998,105.410004,105.410004,15150800,2015,Nov,814
105.779999,105.959999,104.860001,105.449997,105.449997,5913100,2015,Nov,815
105.839996,106.099998,103.75,104.239998,104.239998,20383200,2015,Nov,816
104.830002,107.150002,104.5,107.120003,107.120003,22781900,2015,Dec,817
107,107.919998,105.790001,106.07,106.07,24429100,2015,Dec,818
106.269997,106.849998,103.349998,104.379997,104.379997,23236500,2015,Dec,819
104.809998,107.730003,104.110001,106.18,106.18,21224700,2015,Dec,820
106.480003,106.830002,104.660004,105.610001,105.610001,15474900,2015,Dec,821
104,106.910004,103.949997,106.489998,106.489998,20401800,2015,Dec,822
106.18,106.440002,103.550003,104.599998,104.599998,23517300,2015,Dec,823
105.050003,106.400002,104.410004,105.419998,105.419998,17414500,2015,Dec,824
104.150002,104.339996,101.910004,102.120003,102.120003,26427700,2015,Dec,825
102.290001,104.739998,101.459999,104.660004,104.660004,24648100,2015,Dec,826
105.300003,105.800003,104.279999,104.550003,104.550003,21764300,2015,Dec,827
105.370003,107.089996,104.190002,106.790001,106.790001,22680500,2015,Dec,828
107.489998,107.75,106.129997,106.220001,106.220001,21675700,2015,Dec,829
106.080002,106.589996,103.970001,104.040001,104.040001,35994200,2015,Dec,830
104.910004,105.150002,103.599998,104.769997,104.769997,16138800,2015,Dec,831
105.220001,105.660004,104.809998,105.510002,105.510002,14597100,2015,Dec,832
105.889999,106.110001,103.860001,104.629997,104.629997,19599700,2015,Dec,833
104.739998,105.32,104.5,105.019997,105.019997,6501800,2015,Dec,834
105.019997,105.980003,104.529999,105.93,105.93,13069700,2015,Dec,835
106.419998,107.739998,106.25,107.260002,107.260002,17179900,2015,Dec,836
107,107.25,106.059998,106.220001,106.220001,13115000,2015,Dec,837
106,106.169998,104.620003,104.660004,104.660004,18298700,2015,Dec,838
101.949997,102.239998,99.75,102.220001,102.220001,37912400,2016,Jan,839
102.889999,103.709999,101.669998,102.730003,102.730003,23258200,2016,Jan,840
101.129997,103.769997,100.900002,102.970001,102.970001,25096200,2016,Jan,841
100.5,101.43,97.300003,97.919998,97.919998,45172900,2016,Jan,842
99.879997,100.5,97.029999,97.330002,97.330002,35402300,2016,Jan,843
97.910004,98.599998,95.389999,97.510002,97.510002,29932400,2016,Jan,844
99,99.959999,97.550003,99.370003,99.370003,28395400,2016,Jan,845
100.580002,100.580002,95.209999,95.440002,95.440002,33410600,2016,Jan,846
95.849998,98.870003,92.449997,98.370003,98.370003,48658600,2016,Jan,847
93.980003,96.379997,93.540001,94.970001,94.970001,45935600,2016,Jan,848
96.529999,97.419998,93.919998,95.260002,95.260002,30998300,2016,Jan,849
92.830002,95,89.370003,94.349998,94.349998,59051400,2016,Jan,850
94.910004,95.989998,92.620003,94.160004,94.160004,30518900,2016,Jan,851
96.410004,98.07,95.489998,97.940002,97.940002,30495400,2016,Jan,852
98.720001,99.480003,96.93,97.010002,97.010002,32482000,2016,Jan,853
97.760002,97.879997,95.660004,97.339996,97.339996,26877100,2016,Jan,854
97.790001,97.849998,94.230003,94.449997,94.449997,58699400,2016,Jan,855
107.199997,110.339996,104.809998,109.110001,109.110001,107475300,2016,Jan,856
108.989998,112.839996,108.839996,112.209999,112.209999,62739500,2016,Jan,857
112.269997,115.720001,112.010002,115.089996,115.089996,46132700,2016,Feb,858
114.800003,117.589996,113.199997,114.610001,114.610001,59778600,2016,Feb,859
115.269997,115.339996,109.75,112.690002,112.690002,56919300,2016,Feb,860
111.800003,111.940002,109.25,110.489998,110.489998,38890200,2016,Feb,861
109.510002,109.580002,103.18,104.07,104.07,76894700,2016,Feb,862
100.410004,102.68,97.459999,99.75,99.75,71229700,2016,Feb,863
97.139999,102.400002,96.82,99.540001,99.540001,62709000,2016,Feb,864
101.550003,103.25,100.239998,101,101,45179400,2016,Feb,865
99.599998,105.110001,98.879997,101.910004,101.910004,43670600,2016,Feb,866
103.739998,104.239998,101.089996,102.010002,102.010002,36176800,2016,Feb,867
103.800003,103.93,100.239998,101.610001,101.610001,45687200,2016,Feb,868
102.019997,105.720001,100.400002,105.199997,105.199997,44073400,2016,Feb,869
105.800003,106,103.029999,103.470001,103.470001,29593500,2016,Feb,870
102.550003,105.019997,102.059998,104.57,104.57,32404500,2016,Feb,871
105.489998,108.25,105.339996,107.160004,107.160004,35709700,2016,Feb,872
106.849998,107.470001,105.120003,105.459999,105.459999,25319300,2016,Feb,873
104.209999,106.949997,102.739998,106.879997,106.879997,34412400,2016,Feb,874
107.110001,108.07,105.610001,108.07,108.07,29906300,2016,Feb,875
108.699997,109.449997,107.160004,107.919998,107.919998,26686200,2016,Feb,876
107.599998,108.910004,106.75,106.919998,106.919998,32779000,2016,Feb,877
107.830002,109.82,107.599998,109.82,109.82,26817300,2016,Mar,878
109.68,110.550003,108.769997,109.949997,109.949997,25670200,2016,Mar,879
110.25,110.300003,108.540001,109.580002,109.580002,21353100,2016,Mar,880
110.050003,110.050003,107.93,108.389999,108.389999,24938900,2016,Mar,881
108.07,108.07,104.720001,105.730003,105.730003,31436400,2016,Mar,882
104.779999,107.370003,104.400002,105.93,105.93,25617000,2016,Mar,883
106.699997,107.510002,105.489998,107.510002,107.510002,20493300,2016,Mar,884
107.910004,108.660004,105.769997,107.32,107.32,24854300,2016,Mar,885
108.480003,109.419998,107.919998,109.410004,109.410004,20697600,2016,Mar,886
109.279999,110.330002,108.769997,109.889999,109.889999,17249400,2016,Mar,887
109.110001,110.830002,108.839996,110.669998,110.669998,17618500,2016,Mar,888
110.489998,112.5,110.099998,112.18,112.18,24744800,2016,Mar,889
112.150002,112.690002,110.730003,111.019997,111.019997,24241200,2016,Mar,890
111.559998,112.419998,110.269997,111.449997,111.449997,36256900,2016,Mar,891
111.660004,112.370003,111.029999,111.849998,111.849998,18448000,2016,Mar,892
111.360001,112.879997,111.169998,112.25,112.25,19001100,2016,Mar,893
112.010002,113.190002,112,112.540001,112.540001,18562000,2016,Mar,894
112.129997,113.089996,111.68,113.050003,113.050003,17839100,2016,Mar,895
113.32,114.589996,112.949997,113.690002,113.690002,21351800,2016,Mar,896
113.830002,116.32,113.639999,116.139999,116.139999,29825300,2016,Mar,897
116.730003,116.989998,114.360001,114.699997,114.699997,33235200,2016,Mar,898
114.699997,115.010002,113.769997,114.099998,114.099998,21207500,2016,Mar,899
113.75,116.169998,113.349998,116.059998,116.059998,24760500,2016,Apr,900
114.07,114.550003,111.610001,112.550003,112.550003,48487900,2016,Apr,901
112.110001,113.32,111.900002,112.220001,112.220001,22962400,2016,Apr,902
112.470001,113.809998,112.419998,113.709999,113.709999,20814600,2016,Apr,903
113.790001,114.889999,113.07,113.639999,113.639999,20714500,2016,Apr,904
114.25,114.330002,109.900002,110.629997,110.629997,48497800,2016,Apr,905
110.699997,110.910004,108.769997,108.989998,108.989998,39762300,2016,Apr,906
109.339996,111.160004,108.989998,110.610001,110.610001,26248100,2016,Apr,907
112.230003,112.650002,106.519997,110.510002,110.510002,88227400,2016,Apr,908
110.620003,112.040001,110.260002,110.839996,110.839996,28473300,2016,Apr,909
110.790001,110.970001,109.199997,109.639999,109.639999,20922800,2016,Apr,910
109.739998,110.809998,109.199997,110.449997,110.449997,21092700,2016,Apr,911
111.099998,112.449997,109.160004,112.290001,112.290001,30210500,2016,Apr,912
112.43,113.269997,111.559998,112.419998,112.419998,21027900,2016,Apr,913
112.550003,114.040001,112.309998,113.440002,113.440002,20875200,2016,Apr,914
111.209999,111.75,109.010002,110.559998,110.559998,38458200,2016,Apr,915
109.870003,110.669998,109.07,110.099998,110.099998,21017900,2016,Apr,916
110.489998,110.5,108.150002,108.760002,108.760002,22521500,2016,Apr,917
107.940002,108.940002,106.309998,108.889999,108.889999,52213100,2016,Apr,918
119.580002,120.790001,116.230003,116.730003,116.730003,87110100,2016,Apr,919
116.82,117.839996,115.839996,117.580002,117.580002,37140600,2016,Apr,920
117.830002,118.730003,116.57,118.57,118.57,28095200,2016,May,921
117.519997,118.160004,117.019997,117.43,117.43,24117500,2016,May,922
116.610001,118.300003,116.57,118.059998,118.059998,23448400,2016,May,923
118.040001,118.980003,117.25,117.809998,117.809998,22056700,2016,May,924
117.160004,119.639999,117.110001,119.489998,119.489998,26216200,2016,May,925
119.540001,120.279999,118.900002,119.239998,119.239998,21138100,2016,May,926
119.620003,120.5,119,120.5,120.5,23220000,2016,May,927
120.410004,121.080002,119.419998,119.519997,119.519997,22038400,2016,May,928
119.980003,120.839996,118.900002,120.279999,120.279999,22035500,2016,May,929
120.379997,120.639999,119.68,119.809998,119.809998,18124300,2016,May,930
119.379997,119.610001,117.349998,118.669998,118.669998,31247800,2016,May,931
118.82,119.010002,117.199997,117.349998,117.349998,21328600,2016,May,932
116.800003,118.269997,116.730003,117.650002,117.650002,21642300,2016,May,933
117.050003,117.489998,115.879997,116.809998,116.809998,20544100,2016,May,934
116.959999,117.989998,116.949997,117.349998,117.349998,18944800,2016,May,935
117.419998,117.599998,115.940002,115.970001,115.970001,20441000,2016,May,936
116.239998,117.730003,116.120003,117.699997,117.699997,20183600,2016,May,937
118.129997,118.669998,117.379997,117.889999,117.889999,20019800,2016,May,938
118.239998,119.760002,117.919998,119.470001,119.470001,18481300,2016,May,939
119.559998,119.849998,119.010002,119.379997,119.379997,13464400,2016,May,940
119.459999,120.099998,118.120003,118.809998,118.809998,23547600,2016,May,941
118.5,119.080002,117.82,118.779999,118.779999,15029500,2016,Jun,942
118.690002,119.440002,118.220001,118.93,118.93,13228300,2016,Jun,943
118.980003,118.980003,117.860001,118.470001,118.470001,14135100,2016,Jun,944
118.620003,119.43,118.360001,118.790001,118.790001,12744700,2016,Jun,945
119.239998,119.300003,117.669998,117.760002,117.760002,17103000,2016,Jun,946
117.760002,118.599998,117.269997,118.389999,118.389999,14505600,2016,Jun,947
118.129997,118.68,117.709999,118.559998,118.559998,13859200,2016,Jun,948
117.540001,118.110001,116.260002,116.620003,116.620003,18510800,2016,Jun,949
115,115.480003,113.309998,113.949997,113.949997,31718200,2016,Jun,950
114.07,114.949997,113.580002,114.940002,114.940002,17618500,2016,Jun,951
115.300003,115.440002,114.07,114.599998,114.599998,19819400,2016,Jun,952
113.870003,114.5,112.940002,114.389999,114.389999,19236300,2016,Jun,953
114.419998,114.43,112.559998,113.019997,113.019997,24644300,2016,Jun,954
113.769997,114.720001,112.75,113.370003,113.370003,20785400,2016,Jun,955
114.120003,115.209999,113.970001,114.379997,114.379997,19166300,2016,Jun,956
114.650002,114.739998,113.610001,113.910004,113.910004,14846300,2016,Jun,957
114.370003,115.089996,113.540001,115.080002,115.080002,16176900,2016,Jun,958
111.010002,113.68,111,112.080002,112.080002,40643100,2016,Jun,959
111.57,111.57,108.230003,108.970001,108.970001,36130400,2016,Jun,960
110.629997,112.75,110.550003,112.699997,112.699997,26813800,2016,Jun,961
113.370003,114.25,113.040001,114.160004,114.160004,20968300,2016,Jun,962
114.669998,115.18,113.669998,114.279999,114.279999,23192700,2016,Jun,963
114.199997,115.129997,113.809998,114.190002,114.190002,14980000,2016,Jul,964
113.940002,114.199997,112.970001,114.199997,114.199997,14207000,2016,Jul,965
113.360001,116.790001,112.970001,116.699997,116.699997,24337600,2016,Jul,966
116.629997,116.970001,115.360001,115.849998,115.849998,16630200,2016,Jul,967
116.43,117.5,115.849998,117.239998,117.239998,18142600,2016,Jul,968
117.709999,118.699997,117.5,117.870003,117.870003,17711600,2016,Jul,969
118.629997,118.720001,117.57,117.93,117.93,15217700,2016,Jul,970
118.389999,118.400002,116.68,116.779999,116.779999,16207700,2016,Jul,971
117.5,117.639999,116.699997,117.290001,117.290001,14579700,2016,Jul,972
117.739998,118.279999,116.580002,116.860001,116.860001,16646000,2016,Jul,973
117.32,119.610001,116.889999,119.370003,119.370003,20868400,2016,Jul,974
118.989998,120.849998,118.660004,120.610001,120.610001,21541300,2016,Jul,975
121.25,122.199997,120.559998,121.919998,121.919998,20046500,2016,Jul,976
121.919998,122.099998,120.25,120.610001,120.610001,17801700,2016,Jul,977
119.900002,121.010002,119.309998,121,121,18422400,2016,Jul,978
121.389999,121.849998,117.779999,121.629997,121.629997,18487400,2016,Jul,979
122,122.07,120.75,121.220001,121.220001,17612000,2016,Jul,980
122.419998,125,121.510002,123.339996,123.339996,52654200,2016,Jul,981
127.519997,128.330002,123.629997,125,125,78955800,2016,Jul,982
124.650002,125.839996,123.709999,123.940002,123.940002,35058800,2016,Jul,983
123.849998,124.580002,122.860001,124.309998,124.309998,25006900,2016,Aug,984
124.059998,124.800003,122.07,123.089996,123.089996,23968400,2016,Aug,985
123.089996,123.919998,122.309998,122.510002,122.510002,18525300,2016,Aug,986
122.940002,124.790001,122.510002,124.360001,124.360001,21066000,2016,Aug,987
124.980003,125.839996,124.620003,125.150002,125.150002,20184000,2016,Aug,988
125.25,125.449997,124.550003,125.260002,125.260002,15233900,2016,Aug,989
125.339996,126.089996,124.529999,125.059998,125.059998,19621000,2016,Aug,990
125.07,125.480003,124.540001,124.879997,124.879997,10670100,2016,Aug,991
125.199997,125.379997,124.75,124.900002,124.900002,11729500,2016,Aug,992
124.699997,125,124.18,124.879997,124.879997,12159000,2016,Aug,993
124.910004,124.919998,123.699997,123.900002,123.900002,19295100,2016,Aug,994
123.5,123.919998,122.779999,123.300003,123.300003,14222400,2016,Aug,995
123.660004,124.379997,122.849998,124.370003,124.370003,13794200,2016,Aug,996
124.010002,124.260002,123.639999,123.910004,123.910004,12400800,2016,Aug,997
123.599998,124.160004,123.279999,123.559998,123.559998,11688300,2016,Aug,998
123.330002,124.830002,123.110001,124.150002,124.150002,14386400,2016,Aug,999
124.510002,125.089996,124.25,124.370003,124.370003,13309500,2016,Aug,1000
124.470001,124.690002,123.089996,123.480003,123.480003,12243700,2016,Aug,1001
123.120003,124.370003,123.099998,123.889999,123.889999,10730800,2016,Aug,1002
124.050003,125.190002,123.910004,124.959999,124.959999,17504800,2016,Aug,1003
124.349998,126.730003,124.349998,126.540001,126.540001,15925900,2016,Aug,1004
126.599998,126.599998,125.150002,125.839996,125.839996,17804300,2016,Aug,1005
125.599998,126.220001,125.099998,126.120003,126.120003,14200600,2016,Aug,1006
126.379997,126.629997,125.599998,126.169998,126.169998,13536100,2016,Sep,1007
126.849998,126.860001,126,126.510002,126.510002,12118800,2016,Sep,1008
126.669998,129.940002,126.470001,129.729996,129.729996,26278400,2016,Sep,1009
130.039993,131.979996,129.949997,131.050003,131.050003,27990800,2016,Sep,1010
130.919998,131.080002,129.809998,130.270004,130.270004,15676600,2016,Sep,1011
129.710007,129.949997,127.099998,127.099998,127.099998,27100700,2016,Sep,1012
125.959999,128.759995,125.75,128.690002,128.690002,21252800,2016,Sep,1013
128.029999,128.350006,126.660004,127.209999,127.209999,18016200,2016,Sep,1014
126.889999,128.800003,126.889999,127.769997,127.769997,15691100,2016,Sep,1015
127.980003,129.100006,127.669998,128.350006,128.350006,15077200,2016,Sep,1016
128.199997,129.179993,128.199997,129.070007,129.070007,24119200,2016,Sep,1017
129.910004,129.940002,128.259995,128.649994,128.649994,14958800,2016,Sep,1018
128.649994,129.169998,128.029999,128.639999,128.639999,11083800,2016,Sep,1019
129.130005,130.009995,128.389999,129.940002,129.940002,14068300,2016,Sep,1020
130.5,130.729996,129.559998,130.080002,130.080002,15538300,2016,Sep,1021
127.559998,128.600006,127.300003,127.959999,127.959999,28326300,2016,Sep,1022
127.370003,128.160004,126.800003,127.309998,127.309998,15064900,2016,Sep,1023
127.610001,129.009995,127.43,128.690002,128.690002,15637100,2016,Sep,1024
129.210007,129.470001,128.399994,129.229996,129.229996,12047600,2016,Sep,1025
129.179993,129.289993,127.550003,128.089996,128.089996,14532200,2016,Sep,1026
128.029999,128.589996,127.449997,128.270004,128.270004,18402900,2016,Sep,1027
128.380005,129.089996,127.800003,128.770004,128.770004,13156900,2016,Oct,1028
129.169998,129.279999,127.550003,128.190002,128.190002,14307500,2016,Oct,1029
128.25,128.800003,127.830002,128.470001,128.470001,12386800,2016,Oct,1030
128.429993,129.059998,128.080002,128.740005,128.740005,11682700,2016,Oct,1031
129.039993,129.25,128.330002,128.990005,128.990005,12804400,2016,Oct,1032
129.679993,130.699997,129.199997,130.240005,130.240005,15138700,2016,Oct,1033
130.229996,130.639999,128.229996,128.880005,128.880005,17537900,2016,Oct,1034
129.009995,129.660004,128.460007,129.050003,129.050003,11073000,2016,Oct,1035
128.210007,128.25,126.75,127.82,127.82,17139300,2016,Oct,1036
128.490005,128.949997,127.580002,127.879997,127.879997,13345300,2016,Oct,1037
128.199997,128.470001,127.32,127.540001,127.540001,11351700,2016,Oct,1038
128.679993,129.389999,128.009995,128.570007,128.570007,13504000,2016,Oct,1039
128.740005,130.470001,128.600006,130.110001,130.110001,16752300,2016,Oct,1040
130.070007,130.660004,129.5,130,130,13167500,2016,Oct,1041
129.779999,132.130005,129.699997,132.070007,132.070007,19088800,2016,Oct,1042
132.720001,133.410004,132.149994,133.279999,133.279999,17470200,2016,Oct,1043
133.5,133.5,132.220001,132.289993,132.289993,13336800,2016,Oct,1044
131.639999,132.259995,130.940002,131.039993,131.039993,13084700,2016,Oct,1045
131.740005,131.800003,129.270004,129.690002,129.690002,16741400,2016,Oct,1046
130.5,132.970001,129.929993,131.289993,131.289993,24545500,2016,Oct,1047
132.009995,132.119995,130.880005,130.990005,130.990005,15669000,2016,Oct,1048
131.410004,131.940002,128.649994,129.5,129.5,22077800,2016,Nov,1049
130.229996,130.229996,126.279999,127.169998,127.169998,39640900,2016,Nov,1050
122,123.279999,119.5,120,120,63766300,2016,Nov,1051
119.589996,121.93,119.25,120.75,120.75,30545500,2016,Nov,1052
122.830002,123.209999,121.349998,122.150002,122.150002,23008900,2016,Nov,1053
122.029999,124.610001,121.540001,124.220001,124.220001,19367800,2016,Nov,1054
121.5,123.809998,120.510002,123.18,123.18,31916000,2016,Nov,1055
123.93,124.18,115.269997,120.800003,120.800003,67846700,2016,Nov,1056
119.529999,120.699997,118.150002,119.019997,119.019997,32804000,2016,Nov,1057
119.129997,119.129997,113.550003,115.080002,115.080002,51377000,2016,Nov,1058
116.730003,118.489998,115.830002,117.199997,117.199997,34681400,2016,Nov,1059
114.480003,117.879997,114.209999,116.339996,116.339996,32397900,2016,Nov,1060
116.809998,117.790001,116.010002,117.790001,117.790001,18597800,2016,Nov,1061
118.389999,119.129997,116.839996,117.019997,117.019997,22879300,2016,Nov,1062
118.199997,121.949997,117.800003,121.769997,121.769997,35415400,2016,Nov,1063
122.400002,122.980003,120.900002,121.470001,121.470001,26089200,2016,Nov,1064
121.230003,121.309998,119.940002,120.839996,120.839996,15672100,2016,Nov,1065
121.010002,121.139999,120.07,120.379997,120.379997,8658600,2016,Nov,1066
120.120003,121.690002,119.82,120.410004,120.410004,18101300,2016,Nov,1067
120.57,122.099998,120.400002,120.870003,120.870003,18891000,2016,Nov,1068
120.32,121.790001,117.949997,118.419998,118.419998,30188900,2016,Nov,1069
118.379997,118.449997,114,115.099998,115.099998,43277000,2016,Dec,1070
115.110001,116.480003,114.300003,115.400002,115.400002,25070400,2016,Dec,1071
115.949997,117.57,115.07,117.43,117.43,20201500,2016,Dec,1072
117.690002,117.800003,116.330002,117.309998,117.309998,19131200,2016,Dec,1073
117,117.949997,116.57,117.949997,117.949997,21913700,2016,Dec,1074
117.980003,119.5,117.639999,118.910004,118.910004,22442800,2016,Dec,1075
119.220001,119.940002,118.949997,119.68,119.68,17464700,2016,Dec,1076
119.220001,119.239998,117.650002,117.769997,117.769997,17805500,2016,Dec,1077
117.860001,121.519997,117.610001,120.309998,120.309998,29768000,2016,Dec,1078
120,121.690002,118.849998,120.209999,120.209999,25913100,2016,Dec,1079
120.080002,122.5,119.629997,120.57,120.57,20139600,2016,Dec,1080
120.900002,121.5,119.269997,119.870003,119.870003,25324300,2016,Dec,1081
119.849998,120.360001,118.510002,119.239998,119.239998,15918100,2016,Dec,1082
119.5,119.769997,118.800003,119.089996,119.089996,13684400,2016,Dec,1083
118.919998,119.199997,118.480003,119.040001,119.040001,10767600,2016,Dec,1084
118.860001,118.989998,116.93,117.400002,117.400002,16258600,2016,Dec,1085
117,117.559998,116.300003,117.269997,117.269997,10877300,2016,Dec,1086
116.959999,118.68,116.860001,118.010002,118.010002,12051500,2016,Dec,1087
118.190002,118.25,116.650002,116.919998,116.919998,12087400,2016,Dec,1088
117,117.529999,116.059998,116.349998,116.349998,9934900,2016,Dec,1089
116.599998,116.830002,114.769997,115.050003,115.050003,18684100,2016,Dec,1090
116.029999,117.839996,115.510002,116.860001,116.860001,20663900,2017,Jan,1091
117.550003,119.660004,117.290001,118.690002,118.690002,19630900,2017,Jan,1092
118.860001,120.949997,118.32,120.669998,120.669998,19492200,2017,Jan,1093
120.980003,123.879997,120.029999,123.410004,123.410004,28545300,2017,Jan,1094
123.550003,125.43,123.040001,124.900002,124.900002,22880400,2017,Jan,1095
124.82,125.5,124.279999,124.349998,124.349998,17324600,2017,Jan,1096
124.349998,126.120003,124.059998,126.089996,126.089996,18356500,2017,Jan,1097
125.610001,126.730003,124.800003,126.620003,126.620003,18653900,2017,Jan,1098
127.489998,129.270004,127.370003,128.339996,128.339996,24884300,2017,Jan,1099
128.039993,128.339996,127.400002,127.870003,127.870003,15294500,2017,Jan,1100
128.410004,128.429993,126.839996,127.919998,127.919998,13145900,2017,Jan,1101
128.229996,128.350006,127.449997,127.550003,127.550003,12195500,2017,Jan,1102
128.100006,128.479996,126.779999,127.040001,127.040001,19097200,2017,Jan,1103
127.309998,129.25,126.949997,128.929993,128.929993,16593600,2017,Jan,1104
129.380005,129.899994,128.380005,129.369995,129.369995,15162700,2017,Jan,1105
130,131.740005,129.770004,131.479996,131.479996,18731300,2017,Jan,1106
131.630005,133.139999,131.440002,132.779999,132.779999,20020100,2017,Jan,1107
132.679993,132.949997,131.080002,132.179993,132.179993,19539500,2017,Jan,1108
131.580002,131.580002,129.600006,130.979996,130.979996,18956100,2017,Jan,1109
130.169998,130.660004,129.520004,130.320007,130.320007,19790500,2017,Jan,1110
132.25,133.490005,130.679993,133.229996,133.229996,50139800,2017,Feb,1111
133.220001,135.490005,130.399994,130.839996,130.839996,54366400,2017,Feb,1112
131.240005,132.850006,130.759995,130.979996,130.979996,24804900,2017,Feb,1113
130.979996,132.059998,130.300003,132.059998,132.059998,17058500,2017,Feb,1114
132.240005,133,131.660004,131.839996,131.839996,14596400,2017,Feb,1115
132.600006,134.440002,132.440002,134.199997,134.199997,22390600,2017,Feb,1116
134.490005,134.5,133.309998,134.139999,134.139999,16470600,2017,Feb,1117
134.100006,134.940002,133.679993,134.190002,134.190002,15061900,2017,Feb,1118
134.699997,134.699997,133.699997,134.050003,134.050003,13526200,2017,Feb,1119
134.100006,134.229996,132.550003,133.850006,133.850006,14364900,2017,Feb,1120
133.449997,133.699997,132.660004,133.440002,133.440002,13226500,2017,Feb,1121
133.070007,133.869995,133.020004,133.839996,133.839996,12831100,2017,Feb,1122
133.5,134.089996,133.169998,133.529999,133.529999,12276500,2017,Feb,1123
133.5,133.910004,132.899994,133.720001,133.720001,14759100,2017,Feb,1124
133.600006,136.789993,133.460007,136.119995,136.119995,27360100,2017,Feb,1125
135.889999,136.119995,134.330002,135.360001,135.360001,18422500,2017,Feb,1126
134.160004,135.619995,134.160004,135.440002,135.440002,12625700,2017,Feb,1127
135.259995,137.179993,135.020004,136.410004,136.410004,14306700,2017,Feb,1128
136.789993,136.809998,134.75,135.539993,135.539993,16112100,2017,Feb,1129
136.470001,137.479996,136.300003,137.419998,137.419998,16257000,2017,Mar,1130
137.089996,137.820007,136.309998,136.759995,136.759995,12294800,2017,Mar,1131
136.630005,137.330002,136.080002,137.169998,137.169998,11160600,2017,Mar,1132
136.880005,137.830002,136.509995,137.419998,137.419998,12748200,2017,Mar,1133
137.029999,138.369995,136.990005,137.300003,137.300003,13527100,2017,Mar,1134
137.149994,137.990005,137.050003,137.720001,137.720001,10184500,2017,Mar,1135
137.720001,138.570007,137.399994,138.240005,138.240005,15535300,2017,Mar,1136
138.910004,139.490005,138.220001,138.789993,138.789993,16314100,2017,Mar,1137
138.710007,139.679993,138.669998,139.600006,139.600006,10955500,2017,Mar,1138
139.460007,139.460007,138.520004,139.320007,139.320007,12944000,2017,Mar,1139
139.289993,140.100006,138.490005,139.720001,139.720001,19344800,2017,Mar,1140
140.199997,140.25,139.729996,139.990005,139.990005,13612900,2017,Mar,1141
140.339996,140.339996,139.699997,139.839996,139.839996,20592800,2017,Mar,1142
139.710007,140.190002,139.25,139.940002,139.940002,12099500,2017,Mar,1143
141.149994,142.309998,138.399994,138.509995,138.509995,29894800,2017,Mar,1144
137.929993,139.789993,137.600006,139.589996,139.589996,17055400,2017,Mar,1145
139.479996,140.389999,139.089996,139.529999,139.529999,13022800,2017,Mar,1146
140.080002,141.020004,139.759995,140.339996,140.339996,16664700,2017,Mar,1147
139.050003,140.649994,138.770004,140.320007,140.320007,12800500,2017,Mar,1148
140.360001,141.949997,140.009995,141.759995,141.759995,14679400,2017,Mar,1149
141.990005,142.860001,141.429993,142.649994,142.649994,16527600,2017,Mar,1150
142.399994,142.949997,141.850006,142.410004,142.410004,12404000,2017,Mar,1151
142.309998,142.630005,141.889999,142.050003,142.050003,11478300,2017,Mar,1152
141.929993,142.470001,140.820007,142.279999,142.279999,13564000,2017,Apr,1153
141.860001,142.089996,141.270004,141.729996,141.729996,12948600,2017,Apr,1154
142.259995,143.440002,141.289993,141.850006,141.850006,17158100,2017,Apr,1155
142.110001,142.220001,140.910004,141.169998,141.169998,15103400,2017,Apr,1156
141.199997,141.550003,140.240005,140.779999,140.779999,11818300,2017,Apr,1157
141,141.429993,140.630005,141.039993,141.039993,9039400,2017,Apr,1158
140.800003,141.029999,138.809998,139.919998,139.919998,16638100,2017,Apr,1159
139.720001,140.399994,139.440002,139.580002,139.580002,11612500,2017,Apr,1160
139.619995,140.580002,139.330002,139.389999,139.389999,10965600,2017,Apr,1161
139.759995,141.550003,139.75,141.419998,141.419998,11519700,2017,Apr,1162
141.270004,141.910004,140.610001,140.960007,140.960007,14807500,2017,Apr,1163
141.350006,143.039993,141.270004,142.270004,142.270004,15563900,2017,Apr,1164
142.949997,144.25,142.690002,143.800003,143.800003,15968200,2017,Apr,1165
143.899994,144.169998,142.270004,143.679993,143.679993,12382000,2017,Apr,1166
144.960007,145.669998,144.339996,145.470001,145.470001,14407200,2017,Apr,1167
145.789993,147.149994,145.789993,146.490005,146.490005,17767500,2017,Apr,1168
147.089996,147.589996,146.089996,146.559998,146.559998,12395000,2017,Apr,1169
146.669998,147.75,146.139999,147.699997,147.699997,11275100,2017,Apr,1170
149.5,151.529999,149.070007,150.25,150.25,30652200,2017,Apr,1171
151.740005,152.570007,151.419998,152.460007,152.460007,25218300,2017,May,1172
153.339996,153.440002,151.660004,152.779999,152.779999,21870400,2017,May,1173
153.600006,153.600006,151.339996,151.800003,151.800003,29782500,2017,May,1174
150.169998,151.520004,148.720001,150.850006,150.850006,36225500,2017,May,1175
151.449997,151.630005,149.789993,150.240005,150.240005,17148500,2017,May,1176
150.710007,151.080002,149.740005,151.059998,151.059998,15827500,2017,May,1177
151.490005,152.589996,150.210007,150.479996,150.479996,17453900,2017,May,1178
150.229996,150.520004,148.860001,150.289993,150.289993,12080700,2017,May,1179
150.309998,150.649994,149.410004,150.039993,150.039993,11841900,2017,May,1180
150.399994,150.460007,149.630005,150.330002,150.330002,9598200,2017,May,1181
150.169998,151.479996,149.770004,150.190002,150.190002,15064700,2017,May,1182
150.110001,150.210007,149.029999,149.779999,149.779999,14550800,2017,May,1183
148,148.669998,144.419998,144.850006,144.850006,28300100,2017,May,1184
144.720001,148.149994,144.509995,147.660004,147.660004,23031600,2017,May,1185
148.449997,149.389999,147.960007,148.059998,148.059998,16187900,2017,May,1186
148.080002,148.589996,147.690002,148.240005,148.240005,12586700,2017,May,1187
148.520004,148.809998,147.25,148.070007,148.070007,12817800,2017,May,1188
148.509995,150.229996,148.419998,150.039993,150.039993,17862400,2017,May,1189
150.300003,152.589996,149.949997,151.960007,151.960007,19891400,2017,May,1190
152.229996,152.25,151.149994,152.130005,152.130005,14970800,2017,May,1191
151.970001,152.899994,151.639999,152.380005,152.380005,13226000,2017,May,1192
152.699997,153.350006,151.089996,151.460007,151.460007,18023900,2017,May,1193
151.75,152.289993,150.300003,151.529999,151.529999,14530600,2017,Jun,1194
151.850006,153.630005,151.300003,153.610001,153.610001,16854400,2017,Jun,1195
153.639999,154.710007,153.410004,153.630005,153.630005,12520400,2017,Jun,1196
153.410004,154.520004,152.479996,152.809998,152.809998,13457100,2017,Jun,1197
153.270004,153.75,152.339996,153.119995,153.119995,12066700,2017,Jun,1198
154.080002,154.729996,153.100006,154.710007,154.710007,17799400,2017,Jun,1199
154.770004,155.589996,146.610001,149.600006,149.600006,35577700,2017,Jun,1200
148.169998,149.199997,144.559998,148.440002,148.440002,33170200,2017,Jun,1201
150.149994,151.179993,148.899994,150.679993,150.679993,20483400,2017,Jun,1202
151.259995,152.399994,149.050003,150.25,150.25,20808800,2017,Jun,1203
147.669998,150.039993,146.369995,149.800003,149.800003,18994200,2017,Jun,1204
149.589996,150.830002,148.600006,150.639999,150.639999,22882400,2017,Jun,1205
151.710007,153.570007,151.710007,152.869995,152.869995,19026500,2017,Jun,1206
152.880005,153.839996,152.210007,152.25,152.25,14743900,2017,Jun,1207
152.360001,154.080002,151.880005,153.910004,153.910004,15039800,2017,Jun,1208
153.009995,154.550003,152.910004,153.399994,153.399994,13005500,2017,Jun,1209
152.720001,155.199997,152.649994,155.070007,155.070007,18027000,2017,Jun,1210
156.25,156.5,153.199997,153.589996,153.589996,18049700,2017,Jun,1211
152.839996,153.309998,150.389999,150.580002,150.580002,19360800,2017,Jun,1212
150.919998,153.470001,149.860001,153.240005,153.240005,16719100,2017,Jun,1213
152.279999,152.5,148.919998,151.039993,151.039993,23973500,2017,Jun,1214
151.899994,151.919998,150.059998,150.979996,150.979996,14865500,2017,Jun,1215
151.720001,152.149994,147.800003,148.429993,148.429993,13862700,2017,Jul,1216
149,150.850006,148.130005,150.339996,150.339996,14334300,2017,Jul,1217
149.029999,150.039993,148,148.820007,148.820007,14951800,2017,Jul,1218
149.25,151.990005,149.190002,151.440002,151.440002,13615900,2017,Jul,1219
151.690002,153.979996,151.509995,153.5,153.5,13378700,2017,Jul,1220
153.369995,155.419998,152.910004,155.270004,155.270004,13667700,2017,Jul,1221
156.490005,159.160004,156.199997,158.899994,158.899994,22739400,2017,Jul,1222
158.740005,159.779999,158.419998,159.259995,159.259995,13929200,2017,Jul,1223
160.130005,160.320007,159.330002,159.970001,159.970001,16371200,2017,Jul,1224
160.25,160.779999,158.809998,159.729996,159.729996,12858800,2017,Jul,1225
159.660004,163.729996,159.419998,162.860001,162.860001,23722900,2017,Jul,1226
163.589996,165.699997,163.169998,164.139999,164.139999,26273600,2017,Jul,1227
164.800003,165,162.809998,164.529999,164.529999,18523100,2017,Jul,1228
164.160004,165.050003,163.75,164.429993,164.429993,14744000,2017,Jul,1229
164.639999,166.169998,164.309998,166,166,17367000,2017,Jul,1230
165.009995,165.539993,163.860001,165.279999,165.279999,15383200,2017,Jul,1231
166.009995,166.009995,164.100006,165.610001,165.610001,35236900,2017,Jul,1232
174.699997,175.490005,167.5,170.440002,170.440002,68910700,2017,Jul,1233
169.070007,173.429993,169.050003,172.449997,172.449997,24557600,2017,Jul,1234
172,172.720001,168.550003,169.25,169.25,25478900,2017,Jul,1235
169.820007,170.470001,169.050003,169.860001,169.860001,14385000,2017,Aug,1236
170.300003,170.550003,166.910004,169.300003,169.300003,17433800,2017,Aug,1237
169.300003,169.699997,168.25,168.589996,168.589996,10793800,2017,Aug,1238
168.970001,170.059998,168.690002,169.619995,169.619995,10777700,2017,Aug,1239
169.949997,172.059998,169.660004,171.979996,171.979996,12787800,2017,Aug,1240
171.880005,173.050003,170.619995,171.229996,171.229996,14393500,2017,Aug,1241
169.979996,171.449997,169.559998,171.179993,171.179993,10815000,2017,Aug,1242
170.059998,170.589996,166.850006,167.399994,167.399994,20832700,2017,Aug,1243
167.949997,168.820007,166.850006,168.080002,168.080002,13791200,2017,Aug,1244
170.089996,171.080002,169.289993,170.75,170.75,12954200,2017,Aug,1245
171.490005,171.5,170.009995,171,171,8729200,2017,Aug,1246
171.25,171.380005,169.240005,170,170,15779900,2017,Aug,1247
169.339996,169.860001,166.850006,166.910004,166.910004,17216000,2017,Aug,1248
166.839996,168.669998,166.210007,167.410004,167.410004,15093600,2017,Aug,1249
167.160004,168,165.820007,167.779999,167.779999,11907500,2017,Aug,1250
168.279999,169.869995,167.149994,169.639999,169.639999,11391000,2017,Aug,1251
168.839996,169.360001,168.199997,168.710007,168.710007,9856500,2017,Aug,1252
168.880005,169.289993,166.410004,167.740005,167.740005,14030400,2017,Aug,1253
167.860001,168.380005,166.179993,166.320007,166.320007,12614500,2017,Aug,1254
166.910004,167.699997,166.330002,167.240005,167.240005,8553700,2017,Aug,1255
165.25,168.429993,165,168.050003,168.050003,11121000,2017,Aug,1256
168.169998,170.179993,167.630005,169.919998,169.919998,10908600,2017,Aug,1257
